City_ID,City,Lat,Lng,Max Temp,Humidity,Cloudiness,Wind Speed,Country,Date
0,Devonport,-41.1667,146.35,50.0,92,0,8.97,AU,2021-01-15 13:44:07
1,Hithadhoo,-0.6,73.0833,82.06,78,98,15.14,MV,2021-01-15 13:42:42
2,Rikitea,-23.1203,-134.9692,77.5,70,0,6.89,PF,2021-01-15 13:44:07
3,New Norfolk,-42.7826,147.0587,54.0,65,89,3.0,AU,2021-01-15 13:44:07
4,Heze,35.2431,115.4411,34.7,77,64,7.05,CN,2021-01-15 13:44:07
5,Saint-Philippe,-21.3585,55.7679,84.2,74,20,17.27,RE,2021-01-15 13:44:07
6,Qaanaaq,77.484,-69.3632,11.35,85,100,1.34,GL,2021-01-15 13:44:07
7,Torbay,47.6666,-52.7314,32.0,100,90,14.97,CA,2021-01-15 13:44:08
8,Castro,-24.7911,-50.0119,71.49,78,88,8.63,BR,2021-01-15 13:40:21
9,Mataura,-46.1927,168.8643,53.15,95,21,0.51,NZ,2021-01-15 13:44:08
10,Busselton,-33.65,115.3333,66.0,62,0,1.99,AU,2021-01-15 13:43:03
11,Corn Island,12.1694,-83.0418,79.7,75,76,13.91,NI,2021-01-15 13:44:08
12,Kapaa,22.0752,-159.319,69.8,100,90,8.05,US,2021-01-15 13:44:08
13,Gravdal,68.1214,13.5031,37.4,81,75,5.75,NO,2021-01-15 13:44:08
14,Demmin,53.9076,13.0314,33.01,69,75,11.5,DE,2021-01-15 13:44:08
15,Codrington,-38.2667,141.9667,55.81,78,56,20.54,AU,2021-01-15 13:44:08
16,Nikolskoye,59.7035,30.7861,3.99,85,75,8.95,RU,2021-01-15 13:44:08
17,Punta Arenas,-53.15,-70.9167,50.0,87,90,5.75,CL,2021-01-15 13:40:38
18,Simpang,-1.2667,104.0833,75.83,95,100,1.66,ID,2021-01-15 13:44:08
19,Peace River,56.2501,-117.286,25.0,68,75,11.5,CA,2021-01-15 13:44:08
20,Merauke,-8.4667,140.3333,81.48,84,100,8.43,ID,2021-01-15 13:44:08
21,Vaini,-21.2,-175.2,77.0,94,40,3.44,TO,2021-01-15 13:44:08
22,Barrow,71.2906,-156.7887,-9.4,77,1,13.8,US,2021-01-15 13:44:09
23,Haguenau,48.8156,7.7905,35.6,64,0,10.36,FR,2021-01-15 13:44:09
24,Hushitai,41.9322,123.5114,1.4,55,0,6.71,CN,2021-01-15 13:44:09
25,Port Alfred,-33.5906,26.891,68.0,94,99,5.01,ZA,2021-01-15 13:44:09
26,Lufilufi,-13.8745,-171.5986,77.0,100,20,3.44,WS,2021-01-15 13:44:09
27,Narsaq,60.9167,-46.05,21.2,53,75,1.14,GL,2021-01-15 13:44:09
28,Vanavara,60.34,102.2797,-32.89,80,0,4.56,RU,2021-01-15 13:44:09
29,Hermanus,-34.4187,19.2345,72.0,73,32,4.0,ZA,2021-01-15 13:44:09
30,Mudon,16.2578,97.7164,71.78,67,14,3.85,MM,2021-01-15 13:42:30
31,Huangnihe,43.5583,128.0239,-2.94,90,68,9.98,CN,2021-01-15 13:44:09
32,Komsomolskiy,40.4272,71.7189,42.8,56,0,2.17,UZ,2021-01-15 13:44:09
33,Comodoro Rivadavia,-45.8667,-67.5,59.0,82,90,8.05,AR,2021-01-15 13:44:09
34,Bluff,-46.6,168.3333,56.07,95,6,5.46,NZ,2021-01-15 13:44:09
35,Kaitangata,-46.2817,169.8464,57.96,95,81,1.7,NZ,2021-01-15 13:44:10
36,Samarai,-10.6167,150.6667,83.12,75,100,8.25,PG,2021-01-15 13:44:10
37,Garissa,-0.4536,39.6401,93.36,32,53,5.73,KE,2021-01-15 13:44:10
38,Sao Filipe,14.8961,-24.4956,75.25,60,100,9.6,CV,2021-01-15 13:44:10
39,Coquimbo,-29.9533,-71.3436,59.0,82,75,3.44,CL,2021-01-15 13:43:59
40,Meulaboh,4.1363,96.1285,79.36,78,99,4.56,ID,2021-01-15 13:44:10
41,Westport,41.1415,-73.3579,35.6,93,90,14.97,US,2021-01-15 13:44:10
42,Quebrada Larga,14.1,-86.3667,71.15,76,98,1.45,HN,2021-01-15 13:44:10
43,Kodiak,57.79,-152.4072,35.6,87,90,5.75,US,2021-01-15 13:44:10
44,Kieta,-6.2167,155.6333,81.07,76,100,4.34,PG,2021-01-15 13:44:10
45,Puerto Ayora,-0.7393,-90.3518,73.99,94,50,5.99,EC,2021-01-15 13:44:10
46,Isangel,-19.55,169.2667,79.84,86,100,8.52,VU,2021-01-15 13:44:10
47,Bom Sucesso,-21.0331,-44.7581,76.41,64,31,4.85,BR,2021-01-15 13:44:10
48,Bredasdorp,-34.5322,20.0403,78.8,50,30,20.71,ZA,2021-01-15 13:44:10
49,Karratha,-20.7377,116.8463,90.48,58,85,4.94,AU,2021-01-15 13:44:11
50,Yabelo,4.8833,38.0833,78.87,23,48,4.09,ET,2021-01-15 13:44:11
51,Griffith,41.5284,-87.4237,34.0,93,90,6.91,US,2021-01-15 13:41:16
52,East London,-33.0153,27.9116,87.8,62,0,8.05,ZA,2021-01-15 13:44:11
53,Kathu,7.9178,98.3332,86.0,78,40,2.3,TH,2021-01-15 13:44:11
54,Pueblo Nuevo,23.3833,-105.3833,44.19,49,31,7.61,MX,2021-01-15 13:44:11
55,Bengkulu,-3.8004,102.2655,78.69,81,100,3.31,ID,2021-01-15 13:44:11
56,Mahebourg,-20.4081,57.7,84.2,79,40,14.97,MU,2021-01-15 13:44:11
57,Ranfurly,-45.1333,170.1,53.01,93,1,1.21,NZ,2021-01-15 13:44:11
58,Maceio,-9.6658,-35.7353,84.2,61,40,4.61,BR,2021-01-15 13:39:19
59,Atlantis,-33.5667,18.4834,73.99,78,34,14.81,ZA,2021-01-15 13:44:11
60,Ketchikan,55.3422,-131.6461,44.6,93,90,17.27,US,2021-01-15 13:44:11
61,Takhtamygda,54.1,123.5667,-22.34,84,100,0.76,RU,2021-01-15 13:44:11
62,Avarua,-21.2078,-159.775,78.8,83,75,5.75,CK,2021-01-15 13:44:11
63,Hofn,64.2539,-15.2082,42.01,79,100,13.13,IS,2021-01-15 13:44:11
64,Saint Anthony,45.0205,-93.218,35.01,93,90,16.11,US,2021-01-15 13:43:00
65,Thompson,55.7435,-97.8558,-2.2,84,1,3.44,CA,2021-01-15 13:44:11
66,Port Hedland,-20.3167,118.5667,89.6,74,40,13.8,AU,2021-01-15 13:44:12
67,Mungwi,-10.1732,31.3694,68.94,90,100,8.01,ZM,2021-01-15 13:44:12
68,Ribas Do Rio Pardo,-20.4431,-53.7592,82.45,59,96,5.84,BR,2021-01-15 13:44:12
69,Tuktoyaktuk,69.4541,-133.0374,-19.52,88,83,10.89,CA,2021-01-15 13:44:12
70,Tuatapere,-46.1333,167.6833,53.71,92,4,2.21,NZ,2021-01-15 13:44:12
71,Faanui,-16.4833,-151.75,80.29,77,95,13.22,PF,2021-01-15 13:44:12
72,Bathsheba,13.2167,-59.5167,78.8,83,20,12.66,BB,2021-01-15 13:44:12
73,Nabire,-3.3667,135.4833,78.35,86,100,2.84,ID,2021-01-15 13:44:12
74,Sfantu Gheorghe,45.8667,25.7833,30.99,83,97,1.01,RO,2021-01-15 13:44:12
75,Visnes,59.3556,5.2242,30.2,80,0,3.44,NO,2021-01-15 13:44:12
76,Kavieng,-2.5744,150.7967,82.2,80,100,10.98,PG,2021-01-15 13:44:12
77,Kosonsoy,41.2561,71.5508,39.2,65,0,4.61,UZ,2021-01-15 13:44:12
78,Kavaratti,10.5669,72.642,82.33,76,100,8.99,IN,2021-01-15 13:44:12
79,Geraldton,-28.7667,114.6,91.4,25,27,18.41,AU,2021-01-15 13:44:12
80,Goundam,16.4145,-3.6708,88.54,11,38,14.03,ML,2021-01-15 13:44:12
81,Kamenka,51.3223,42.7678,19.99,93,100,8.43,RU,2021-01-15 13:44:13
82,Pedernales,18.0384,-71.744,79.92,53,100,1.63,DO,2021-01-15 13:44:13
83,Camacha,33.0833,-16.3333,60.8,59,40,5.75,PT,2021-01-15 13:44:13
84,Kahului,20.8947,-156.47,68.0,82,40,3.44,US,2021-01-15 13:44:13
85,Hobart,-42.8794,147.3294,54.0,71,90,9.22,AU,2021-01-15 13:44:13
86,Belmonte,-15.8631,-38.8828,73.4,88,90,13.8,BR,2021-01-15 13:44:13
87,Petropavlovsk-Kamchatskiy,53.0452,158.6483,1.4,71,72,6.71,RU,2021-01-15 13:44:13
88,Dalbandin,28.8947,64.4101,57.02,26,0,6.6,PK,2021-01-15 13:40:53
89,Cap-Aux-Meules,47.3821,-61.8597,30.2,86,40,9.22,CA,2021-01-15 13:41:01
90,Victoria,22.2855,114.1577,63.0,78,18,5.41,HK,2021-01-15 13:42:49
91,Jamestown,42.097,-79.2353,37.99,75,1,10.36,US,2021-01-15 13:40:32
92,Hamina,60.5697,27.1979,-4.0,84,0,6.91,FI,2021-01-15 13:44:13
93,Yellowknife,62.456,-114.3525,1.99,85,90,12.66,CA,2021-01-15 13:44:13
94,Alta Floresta,-9.8756,-56.0861,80.6,83,75,5.75,BR,2021-01-15 13:44:14
95,Namatanai,-3.6667,152.4333,79.63,81,96,3.36,PG,2021-01-15 13:44:14
96,Fort Nelson,58.8053,-122.7002,24.8,80,75,9.22,CA,2021-01-15 13:44:14
97,Cockburn Town,21.4612,-71.1419,78.1,74,100,6.17,TC,2021-01-15 13:41:33
98,Carthage,36.8611,10.3316,60.8,48,40,19.57,TN,2021-01-15 13:44:14
99,Greenville,35.6127,-77.3663,39.2,93,1,7.9,US,2021-01-15 13:42:43
100,Houma,29.5958,-90.7195,48.99,66,1,6.35,US,2021-01-15 13:44:14
101,Altay,47.8667,88.1167,-3.91,60,0,2.3,CN,2021-01-15 13:44:14
102,Mitu,1.1983,-70.1733,79.79,78,58,3.91,CO,2021-01-15 13:44:14
103,Nueva Italia De Ruiz,19.0167,-102.1,50.0,76,75,1.23,MX,2021-01-15 13:44:14
104,Airai,-8.9266,125.4092,63.18,100,100,1.12,TL,2021-01-15 13:44:14
105,Blacksburg,37.2296,-80.4139,33.01,93,90,5.53,US,2021-01-15 13:44:14
106,Machali,-34.1833,-70.6667,64.4,48,0,6.76,CL,2021-01-15 13:44:14
107,Avera,33.194,-82.5271,44.01,90,90,4.61,US,2021-01-15 13:44:14
108,Hualmay,-11.0964,-77.6139,73.13,75,82,7.87,PE,2021-01-15 13:44:14
109,Ponta Do Sol,32.6667,-17.1,60.01,55,0,3.0,PT,2021-01-15 13:44:14
110,Saskylakh,71.9167,114.0833,-32.03,82,100,8.95,RU,2021-01-15 13:44:14
111,Nurota,40.5614,65.6886,53.6,43,0,11.5,UZ,2021-01-15 13:44:14
112,Swellendam,-34.0226,20.4417,78.8,50,35,20.71,ZA,2021-01-15 13:44:15
113,Lebu,-37.6167,-73.65,60.28,66,46,7.25,CL,2021-01-15 13:44:15
114,Severo-Kurilsk,50.6789,156.125,23.88,93,100,7.49,RU,2021-01-15 13:44:15
115,Moose Factory,51.2585,-80.6094,24.8,93,90,4.61,CA,2021-01-15 13:44:15
116,Ushuaia,-54.8,-68.3,53.6,66,20,4.61,AR,2021-01-15 13:41:01
117,Shikarpur,27.9571,68.6379,65.05,21,0,4.09,PK,2021-01-15 13:44:03
118,Vao,-22.6667,167.4833,77.79,89,100,9.19,NC,2021-01-15 13:44:15
119,Langfang,39.5097,116.6947,30.0,24,0,1.99,CN,2021-01-15 13:44:15
120,Clyde River,70.4692,-68.5914,-4.0,84,90,1.54,CA,2021-01-15 13:44:15
121,Chokurdakh,70.6333,147.9167,-3.68,91,100,11.05,RU,2021-01-15 13:44:15
122,Balikpapan,-1.2675,116.8289,76.93,85,100,6.73,ID,2021-01-15 13:44:15
123,Bay City,43.5945,-83.8889,37.0,87,90,12.66,US,2021-01-15 13:44:15
124,Mbuji-Mayi,-6.15,23.6,68.97,93,100,3.11,CD,2021-01-15 13:44:15
125,Gushikawa,26.3544,127.8686,64.4,63,20,6.91,JP,2021-01-15 13:44:15
126,Zelenoborsk,61.4669,64.0333,-0.63,92,100,7.05,RU,2021-01-15 13:44:15
127,Tupik,54.4253,119.9327,-19.77,85,100,2.19,RU,2021-01-15 13:44:15
128,Sao Francisco Do Sul,-26.2433,-48.6381,66.99,82,81,15.01,BR,2021-01-15 13:44:15
129,Bystrzyca Klodzka,50.3018,16.6423,32.0,71,100,2.89,PL,2021-01-15 13:44:16
130,Hilo,19.7297,-155.09,66.2,77,1,5.75,US,2021-01-15 13:44:16
131,Albany,42.6001,-73.9662,30.0,100,40,3.51,US,2021-01-15 13:44:16
132,High Level,58.5169,-117.136,19.4,93,90,9.22,CA,2021-01-15 13:44:16
133,Hamilton,39.1834,-84.5333,37.0,80,75,9.22,US,2021-01-15 13:43:28
134,Margate,51.3813,1.3862,41.0,64,66,1.99,GB,2021-01-15 13:44:16
135,Alice Springs,-23.7,133.8833,82.4,24,24,12.66,AU,2021-01-15 13:42:03
136,Aklavik,68.2191,-135.0107,-2.2,78,98,10.36,CA,2021-01-15 13:44:16
137,Okhotsk,59.3833,143.3,-16.29,77,100,9.01,RU,2021-01-15 13:44:16
138,Shitanjing,39.2342,106.3439,17.02,75,90,17.02,CN,2021-01-15 13:44:16
139,Aflao,6.116,1.1914,89.6,66,20,12.66,TG,2021-01-15 13:44:16
140,Carnarvon,-24.8667,113.6333,80.6,78,0,23.02,AU,2021-01-15 13:44:16
141,Manggar,-2.8833,108.2667,79.57,73,100,3.27,ID,2021-01-15 13:44:16
142,Kudahuvadhoo,2.6708,72.8944,81.77,71,54,8.3,MV,2021-01-15 13:44:17
143,Kerema,-7.9631,145.7785,78.87,85,100,8.43,PG,2021-01-15 13:44:17
144,Dikson,73.5069,80.5464,-30.35,81,81,5.01,RU,2021-01-15 13:44:17
145,Aban,56.67,96.06,-2.31,91,100,12.68,RU,2021-01-15 13:44:17
146,Namibe,-15.1961,12.1522,86.0,42,0,17.27,AO,2021-01-15 13:44:17
147,Upernavik,72.7868,-56.1549,14.81,95,95,4.79,GL,2021-01-15 13:44:17
148,College,64.8569,-147.8028,21.2,73,75,6.91,US,2021-01-15 13:44:17
149,Gat,31.61,34.7642,60.01,100,65,8.52,IL,2021-01-15 13:42:01
150,Tyulgan,52.3405,56.166,14.32,95,66,13.87,RU,2021-01-15 13:44:17
151,Butaritari,3.0707,172.7902,80.56,80,100,19.33,KI,2021-01-15 13:44:17
152,Chenghai,23.4632,116.768,55.4,82,0,3.85,CN,2021-01-15 13:44:17
153,Lishui,28.4604,119.9103,51.26,57,0,2.13,CN,2021-01-15 13:44:17
154,Le Port,-20.9373,55.2919,87.8,58,0,16.11,RE,2021-01-15 13:40:13
155,Wajima,37.4,136.9,52.11,60,85,25.79,JP,2021-01-15 13:44:17
156,Manacor,39.5696,3.2096,55.99,62,20,13.8,ES,2021-01-15 13:44:17
157,Laguna,38.421,-121.4238,44.01,93,1,1.59,US,2021-01-15 13:44:17
158,Auki,-8.7676,160.7034,78.04,78,100,4.21,SB,2021-01-15 13:44:18
159,Bilibino,68.0546,166.4372,-23.04,84,99,0.51,RU,2021-01-15 13:44:18
160,Saldanha,-33.0117,17.9442,73.4,60,0,8.05,ZA,2021-01-15 13:44:18
161,Arraial Do Cabo,-22.9661,-42.0278,84.2,65,20,16.11,BR,2021-01-15 13:44:18
162,Kurilsk,45.2333,147.8833,18.97,88,99,6.42,RU,2021-01-15 13:44:18
163,Rawson,-43.3002,-65.1023,68.67,60,56,16.37,AR,2021-01-15 13:44:18
164,Kupino,54.3663,77.2981,-8.12,89,100,13.29,RU,2021-01-15 13:44:18
165,Sao Joao Da Barra,-21.6403,-41.0511,82.4,65,40,11.5,BR,2021-01-15 13:44:18
166,Georgetown,5.4112,100.3354,82.4,83,20,4.61,MY,2021-01-15 13:40:54
167,Lompoc,34.6391,-120.4579,55.4,76,0,10.36,US,2021-01-15 13:44:18
168,Ixtapa,20.7,-105.2,55.4,100,40,2.77,MX,2021-01-15 13:44:18
169,Naze,28.3667,129.4833,61.56,72,59,5.5,JP,2021-01-15 13:44:18
170,Jumla,29.2747,82.1838,45.55,51,99,3.87,NP,2021-01-15 13:44:18
171,Pacific Grove,36.6177,-121.9166,52.0,71,1,3.44,US,2021-01-15 13:43:58
172,Atuona,-9.8,-139.0333,76.8,78,6,13.73,PF,2021-01-15 13:44:18
173,Mount Gambier,-37.8333,140.7667,53.6,82,40,11.5,AU,2021-01-15 13:44:18
174,Yerbogachen,61.2767,108.0108,-35.19,81,100,7.11,RU,2021-01-15 13:44:19
175,Constitucion,-35.3333,-72.4167,66.79,62,0,15.46,CL,2021-01-15 13:44:19
176,Isabela,6.7085,121.9711,78.64,84,35,0.67,PH,2021-01-15 13:44:19
177,Sangar,63.9242,127.4739,-46.88,75,57,2.28,RU,2021-01-15 13:44:19
178,Birin,26.8865,88.0718,45.91,71,47,3.4,NP,2021-01-15 13:44:19
179,Norman Wells,65.282,-126.8329,3.2,85,90,8.05,CA,2021-01-15 13:44:19
180,Bowen,-20.0167,148.2333,71.6,94,40,6.91,AU,2021-01-15 13:44:19
181,Aquiraz,-3.9014,-38.3911,87.8,58,75,18.41,BR,2021-01-15 13:44:19
182,Khatanga,71.9667,102.5,-49.94,74,1,1.74,RU,2021-01-15 13:44:19
183,Mar Del Plata,-38.0023,-57.5575,73.99,73,90,20.71,AR,2021-01-15 13:43:59
184,Namestovo,49.4079,19.4803,19.99,94,100,5.01,SK,2021-01-15 13:44:19
185,Ancud,-41.8697,-73.8203,53.6,82,75,2.3,CL,2021-01-15 13:41:13
186,Padang,-0.9492,100.3543,79.56,71,76,5.03,ID,2021-01-15 13:44:19
187,Marzuq,14.4,46.4667,75.0,20,0,8.59,YE,2021-01-15 13:44:19
188,Haslett,42.747,-84.4011,35.01,100,90,4.61,US,2021-01-15 13:42:05
189,Tanete,-3.9443,119.7848,76.77,90,100,7.78,ID,2021-01-15 13:44:19
190,Mogadishu,2.0371,45.3438,80.26,71,0,21.16,SO,2021-01-15 13:44:05
191,Pangnirtung,66.1451,-65.7125,-11.2,70,20,2.3,CA,2021-01-15 13:44:20
192,Port Lincoln,-34.7333,135.8667,56.82,70,14,15.23,AU,2021-01-15 13:44:20
193,Mindelo,16.8901,-24.9804,75.2,57,75,33.38,CV,2021-01-15 13:44:20
194,Chebenki,51.9337,55.7077,21.2,68,0,15.66,RU,2021-01-15 13:44:20
195,Olafsvik,64.8945,-23.7142,38.48,77,100,10.96,IS,2021-01-15 13:44:20
196,Turayf,31.6725,38.6637,55.4,76,40,6.91,SA,2021-01-15 13:44:20
197,Tasiilaq,65.6145,-37.6368,32.0,100,90,3.62,GL,2021-01-15 13:44:20
198,Ribeira Grande,38.5167,-28.7,62.6,88,75,18.41,PT,2021-01-15 13:44:20
199,Poprad,49.0614,20.298,19.99,79,75,11.5,SK,2021-01-15 13:44:20
200,Flinders,-34.5833,150.8552,64.99,81,0,1.99,AU,2021-01-15 13:44:20
201,Klaksvik,62.2266,-6.589,41.0,93,75,14.97,FO,2021-01-15 13:44:20
202,Imbituba,-28.24,-48.6703,78.8,73,20,6.91,BR,2021-01-15 13:44:20
203,Luganville,-15.5333,167.1667,79.9,83,100,4.25,VU,2021-01-15 13:44:20
204,Sitka,57.0531,-135.33,44.6,81,90,24.16,US,2021-01-15 13:44:20
205,La Plaine,15.3333,-61.25,78.8,89,40,3.44,DM,2021-01-15 13:44:21
206,Presidencia Roque Saenz Pena,-26.7852,-60.4388,91.99,58,0,5.99,AR,2021-01-15 13:44:21
207,Asfi,32.2994,-9.2372,59.83,62,1,14.47,MA,2021-01-15 13:44:21
208,Chuy,-33.6971,-53.4616,77.85,60,37,13.24,UY,2021-01-15 13:44:21
209,Puerto Del Rosario,28.5004,-13.8627,66.2,55,75,19.57,ES,2021-01-15 13:44:21
210,Martapura,-3.4167,114.85,73.4,100,75,2.3,ID,2021-01-15 13:44:21
211,Tura,25.5198,90.2201,58.59,62,12,2.39,IN,2021-01-15 13:44:21
212,Evensk,61.95,159.2333,-20.96,81,94,3.76,RU,2021-01-15 13:44:21
213,Monte Alegre,-2.0078,-54.0692,85.12,61,3,6.73,BR,2021-01-15 13:44:21
214,Nehe,48.4833,124.8333,-7.69,84,0,0.63,CN,2021-01-15 13:44:21
215,Meihekou,42.5272,125.6753,-3.21,91,29,5.73,CN,2021-01-15 13:44:21
216,Guerrero Negro,27.9769,-114.0611,56.14,43,0,1.57,MX,2021-01-15 13:44:21
217,Juneau,58.3019,-134.4197,41.0,81,90,21.85,US,2021-01-15 13:44:21
218,Nanortalik,60.1432,-45.2371,26.85,92,87,6.35,GL,2021-01-15 13:44:22
219,Panyutyne,48.9333,36.2833,23.58,98,100,7.25,UA,2021-01-15 13:44:22
220,Encruzilhada Do Sul,-30.5439,-52.5219,80.74,55,0,7.78,BR,2021-01-15 13:44:22
221,Mets Masrik,40.2183,45.7681,27.68,88,10,12.03,AM,2021-01-15 13:44:22
222,Pochinki,54.6988,44.8668,10.96,96,100,3.91,RU,2021-01-15 13:44:22
223,Hambantota,6.1241,81.1185,75.2,100,75,2.3,LK,2021-01-15 13:44:22
224,Liverpool,53.4106,-2.9779,34.0,93,90,10.36,GB,2021-01-15 13:44:22
225,Puerto Carreno,6.189,-67.4859,82.78,61,9,11.36,CO,2021-01-15 13:44:22
226,Fairbanks,64.8378,-147.7164,21.2,73,90,6.91,US,2021-01-15 13:44:22
227,Yarovoye,52.9273,78.58,-13.07,88,0,9.17,RU,2021-01-15 13:44:22
228,Krasnokholm,51.5979,54.1567,20.68,96,97,11.03,RU,2021-01-15 13:44:22
229,Chornukhy,50.2673,32.942,16.41,92,100,11.39,UA,2021-01-15 13:44:22
230,Ratnagiri,16.9833,73.3,78.44,70,0,12.37,IN,2021-01-15 13:44:23
231,Ostrovnoy,68.0531,39.5131,20.41,96,100,5.32,RU,2021-01-15 13:44:23
232,Aljezur,37.3191,-8.8033,57.99,22,0,1.99,PT,2021-01-15 13:44:23
233,San Patricio,28.017,-97.5169,42.8,61,1,4.61,US,2021-01-15 13:44:23
234,Dashitou,43.3067,128.5114,0.27,90,100,9.17,CN,2021-01-15 13:44:23
235,Zhezkazgan,47.8043,67.7144,7.21,90,100,14.29,KZ,2021-01-15 13:44:23
236,Lorengau,-2.0226,147.2712,82.44,74,100,8.12,PG,2021-01-15 13:44:23
237,Cape Town,-33.9258,18.4232,75.2,60,40,19.57,ZA,2021-01-15 13:40:43
238,Raudeberg,61.9875,5.1352,30.2,74,75,3.44,NO,2021-01-15 13:44:23
239,Karabulak,43.3036,44.8964,39.2,87,40,8.95,RU,2021-01-15 13:44:23
240,Hasaki,35.7333,140.8333,43.0,93,75,12.66,JP,2021-01-15 13:44:23
241,Kharovsk,59.9642,40.1912,-11.24,90,48,4.34,RU,2021-01-15 13:44:23
242,Sept-Iles,50.2001,-66.3821,24.8,86,0,4.61,CA,2021-01-15 13:39:55
243,Vila Franca Do Campo,37.7167,-25.4333,63.0,88,20,19.57,PT,2021-01-15 13:44:24
244,Verkhnyaya Inta,65.9811,60.3094,-8.43,83,72,7.81,RU,2021-01-15 13:44:24
245,Bethel,41.3712,-73.414,33.01,93,90,4.61,US,2021-01-15 13:41:07
246,Sechura,-5.5569,-80.8222,72.66,73,100,5.64,PE,2021-01-15 13:44:24
247,Zhigansk,66.7697,123.3711,-43.89,78,67,6.62,RU,2021-01-15 13:44:24
248,San Policarpo,12.1791,125.5072,80.56,84,100,12.84,PH,2021-01-15 13:44:24
249,Nioro,13.35,-15.75,98.69,8,65,13.47,GM,2021-01-15 13:44:24
250,Monrovia,6.3005,-10.7969,87.8,70,75,9.22,LR,2021-01-15 13:44:24
251,Ruidoso,33.3317,-105.673,34.0,21,1,6.91,US,2021-01-15 13:44:24
252,Bingol,38.8847,40.4939,44.6,53,75,16.11,TR,2021-01-15 13:44:24
253,Praia Da Vitoria,38.7333,-27.0667,62.01,88,75,32.23,PT,2021-01-15 13:44:24
254,Jian,27.1172,114.9793,55.8,47,0,2.13,CN,2021-01-15 13:44:24
255,Luderitz,-26.6481,15.1594,70.61,66,36,10.33,NA,2021-01-15 13:44:24
256,San Cristobal,7.7669,-72.225,75.2,73,40,2.3,VE,2021-01-15 13:44:24
257,Sola,-13.8833,167.55,82.67,76,100,4.54,VU,2021-01-15 13:44:24
258,Bambous Virieux,-20.3428,57.7575,84.2,79,40,14.97,MU,2021-01-15 13:44:25
259,Ulladulla,-35.35,150.4667,62.6,77,90,14.97,AU,2021-01-15 13:44:25
260,Samana,19.2056,-69.3369,75.2,88,40,2.86,DO,2021-01-15 13:44:25
261,Cherskiy,68.75,161.3,-23.58,86,99,4.07,RU,2021-01-15 13:44:25
262,Xingtai,37.0631,114.4942,32.38,75,96,3.4,CN,2021-01-15 13:44:25
263,Pisco,-13.7,-76.2167,69.8,78,3,6.91,PE,2021-01-15 13:44:25
264,Filadelfia,39.9523,-75.1638,37.99,93,90,8.05,US,2021-01-15 13:40:59
265,Waingapu,-9.6567,120.2641,80.71,81,100,2.15,ID,2021-01-15 13:44:25
266,Kumluca,36.3703,30.2869,57.07,65,87,3.33,TR,2021-01-15 13:44:25
267,Yar-Sale,66.8333,70.8333,-7.17,90,100,7.07,RU,2021-01-15 13:44:25
268,Touros,-5.1989,-35.4608,82.4,78,40,12.66,BR,2021-01-15 13:44:25
269,Westerly,41.3776,-71.8273,37.99,87,90,4.61,US,2021-01-15 13:39:55
270,Esperance,-33.8667,121.9,59.0,72,3,13.8,AU,2021-01-15 13:44:25
271,Benalla,-36.55,145.9833,57.99,54,40,13.8,AU,2021-01-15 13:44:25
272,Saint-Leu,-21.15,55.2833,84.2,74,20,17.27,RE,2021-01-15 13:44:25
273,Fortuna,40.5982,-124.1573,51.01,100,90,4.61,US,2021-01-15 13:44:25
274,Adrar,20.5022,-10.0711,72.32,19,100,16.2,MR,2021-01-15 13:44:26
275,Khanpur,28.6453,70.6567,57.25,31,0,2.53,PK,2021-01-15 13:44:26
276,Kruisfontein,-34.0033,24.7314,75.99,71,4,8.99,ZA,2021-01-15 13:44:26
277,Kawalu,-7.3817,108.2082,74.05,79,100,0.63,ID,2021-01-15 13:44:26
278,Dingle,10.9995,122.6711,75.15,93,18,5.7,PH,2021-01-15 13:44:26
279,Maningrida,-12.0667,134.2667,83.03,76,100,2.48,AU,2021-01-15 13:44:26
280,Berlevag,70.8578,29.0864,35.6,87,75,12.66,NO,2021-01-15 13:44:26
281,Hami,42.8,93.45,15.82,73,0,5.32,CN,2021-01-15 13:44:26
282,Muli,2.9167,73.5667,82.06,70,100,7.9,MV,2021-01-15 13:44:26
283,Loding,67.3,14.75,37.4,81,40,13.8,NO,2021-01-15 13:44:26
284,Mildura,-34.2,142.15,60.8,41,0,12.66,AU,2021-01-15 13:44:26
285,Miles City,46.4083,-105.8406,15.8,73,1,5.75,US,2021-01-15 13:44:26
286,Arman,59.7,150.1667,-18.08,76,0,6.04,RU,2021-01-15 13:44:26
287,Parnarama,-5.6817,-43.0933,82.02,77,74,3.85,BR,2021-01-15 13:44:26
288,Saint-Francois,46.4154,3.9054,35.6,87,90,12.66,FR,2021-01-15 13:44:26
289,Kargasok,59.0556,80.8572,-2.97,90,100,9.4,RU,2021-01-15 13:44:27
290,Junin,-34.5838,-60.9433,74.89,71,100,12.33,AR,2021-01-15 13:44:27
291,Toledo,39.8333,-4.0,32.0,68,88,4.0,ES,2021-01-15 13:44:27
292,Nyurba,63.2842,118.3319,-26.55,85,100,7.92,RU,2021-01-15 13:44:27
293,Nador,35.174,-2.9287,60.8,51,0,9.22,MA,2021-01-15 13:44:27
294,Salinas,36.6777,-121.6555,52.0,76,1,6.91,US,2021-01-15 13:44:27
295,Suihua,46.6406,126.9969,-14.26,87,0,6.29,CN,2021-01-15 13:44:27
296,Lata,40.1629,-8.3327,61.0,65,0,4.72,PT,2021-01-15 13:44:27
297,Sungairaya,0.7,108.9,77.07,89,100,2.8,ID,2021-01-15 13:44:27
298,Sulmona,42.0479,13.9291,48.2,57,75,8.05,IT,2021-01-15 13:39:31
299,Tonantins,-2.8731,-67.8022,78.21,88,100,1.07,BR,2021-01-15 13:44:27
300,Cabo San Lucas,22.8909,-109.9124,59.0,32,1,6.91,MX,2021-01-15 13:42:05
301,Kenai,60.5544,-151.2583,30.99,74,90,4.61,US,2021-01-15 13:44:27
302,Carlsbad,33.1581,-117.3506,62.6,70,1,6.64,US,2021-01-15 13:42:00
303,Wuwei,37.9281,102.6414,18.03,83,84,2.91,CN,2021-01-15 13:44:27
304,Dudinka,69.4058,86.1778,-44.41,78,12,3.83,RU,2021-01-15 13:44:27
305,Kholtoson,50.2981,103.3097,-15.3,80,1,4.27,RU,2021-01-15 13:44:28
306,Anadyr,64.75,177.4833,-13.0,84,75,8.95,RU,2021-01-15 13:44:28
307,Ventspils,57.3894,21.5606,19.4,79,0,10.36,LV,2021-01-15 13:44:28
308,Katsuura,35.1333,140.3,46.4,87,40,10.36,JP,2021-01-15 13:42:10
309,Byron Bay,-28.65,153.6167,73.4,88,1,13.8,AU,2021-01-15 13:44:28
310,Green River,41.5286,-109.4662,21.2,45,1,28.77,US,2021-01-15 13:44:28
311,Asandh,29.5167,76.6,54.41,46,0,4.25,IN,2021-01-15 13:44:28
312,Faya,18.3851,42.4509,66.2,48,20,14.97,SA,2021-01-15 13:44:28
313,Chupa,66.27,33.0549,5.92,95,91,3.94,RU,2021-01-15 13:44:28
314,Tilichiki,60.4667,166.1,-26.34,85,0,7.16,RU,2021-01-15 13:44:28
315,Ferme-Neuve,46.7001,-75.4493,19.4,93,81,2.57,CA,2021-01-15 13:44:28
316,Souillac,-20.5167,57.5167,84.2,79,40,14.97,MU,2021-01-15 13:44:28
317,Vestmannaeyjar,63.4427,-20.2734,37.4,93,90,39.12,IS,2021-01-15 13:44:28
318,Springbok,-29.6643,17.8865,74.7,47,0,17.13,ZA,2021-01-15 13:44:29
319,Albury,-36.0833,146.9167,55.99,54,0,9.22,AU,2021-01-15 13:44:29
320,Alexandria,31.2156,29.9553,66.2,55,40,13.8,EG,2021-01-15 13:44:29
321,Dabou,5.3256,-4.3769,86.0,79,40,12.66,CI,2021-01-15 13:44:29
322,Beitbridge,-22.2167,30.0,90.19,42,72,14.43,ZW,2021-01-15 13:44:29
323,Pochutla,15.7432,-96.4661,71.6,73,75,2.3,MX,2021-01-15 13:44:29
324,Armidale,-30.5167,151.65,57.0,85,2,4.21,AU,2021-01-15 13:44:29
325,Samdrup Jongkhar,26.9167,91.6167,54.61,72,24,3.24,BT,2021-01-15 13:44:29
326,Port Keats,-14.25,129.55,80.62,80,59,6.6,AU,2021-01-15 13:44:29
327,Lamont,35.2597,-118.9143,48.99,61,1,4.61,US,2021-01-15 13:44:29
328,Beyneu,45.3167,55.2,47.01,51,100,16.78,KZ,2021-01-15 13:44:29
329,Nakhon Sawan,15.7,100.0833,81.0,52,100,2.39,TH,2021-01-15 13:44:29
330,Duekoue,6.7472,-7.3496,99.66,26,20,1.74,CI,2021-01-15 13:44:29
331,Mlonggo,-6.5333,110.7,79.43,81,100,4.29,ID,2021-01-15 13:44:29
332,Santiago Del Estero,-27.7951,-64.2615,91.0,65,0,8.99,AR,2021-01-15 13:41:36
333,Rivadavia,-33.1905,-68.4608,75.2,64,40,9.22,AR,2021-01-15 13:44:30
334,Palmer,42.1584,-72.3287,34.0,100,90,3.44,US,2021-01-15 13:44:30
335,Alexander City,32.944,-85.9539,44.6,65,1,4.61,US,2021-01-15 13:44:30
336,Teguldet,57.3064,88.1667,-8.07,89,100,10.36,RU,2021-01-15 13:44:30
337,Lamia,38.9,22.4333,44.01,58,97,5.01,GR,2021-01-15 13:44:30
338,Chifeng,42.2683,118.9636,-6.36,79,0,5.53,CN,2021-01-15 13:44:30
339,Guaymas,27.9333,-110.9,48.99,41,0,3.0,MX,2021-01-15 13:44:30
340,Houffalize,50.1332,5.7889,35.01,65,100,8.68,BE,2021-01-15 13:44:30
341,Tiksi,71.6872,128.8694,-18.11,89,100,7.16,RU,2021-01-15 13:44:30
342,Zonguldak,41.25,31.8333,31.21,99,98,7.11,TR,2021-01-15 13:44:30
343,Sao Felix Do Xingu,-6.6447,-51.995,79.9,74,78,4.52,BR,2021-01-15 13:44:30
344,Oistins,13.0667,-59.5333,78.8,83,20,12.66,BB,2021-01-15 13:44:30
345,Srednekolymsk,67.45,153.6833,-23.73,86,100,9.15,RU,2021-01-15 13:44:30
346,Lasa,46.6166,10.7002,39.0,74,0,10.36,IT,2021-01-15 13:44:30
347,Staryy Nadym,65.6118,72.6842,-2.65,91,100,9.06,RU,2021-01-15 13:44:31
348,Sinop,41.7711,34.8709,44.6,70,75,5.75,TR,2021-01-15 13:44:20
349,Taoudenni,22.6783,-3.9836,71.53,17,15,14.9,ML,2021-01-15 13:44:31
350,Nuristan,35.3,70.8333,17.4,73,0,10.92,AF,2021-01-15 13:44:31
351,Bonavista,48.6499,-53.1147,30.99,86,100,6.42,CA,2021-01-15 13:44:31
352,Tanah Merah,5.8,102.15,78.8,78,20,6.91,MY,2021-01-15 13:44:08
353,Rio Grande,-32.035,-52.0986,79.0,65,75,16.11,BR,2021-01-15 13:44:31
354,Mbanza-Ngungu,-5.25,14.8667,81.88,62,7,4.76,CD,2021-01-15 13:44:31
355,Kampot,10.6167,104.1833,77.0,88,0,3.44,KH,2021-01-15 13:44:31
356,Tarauaca,-8.1614,-70.7656,80.06,77,97,2.28,BR,2021-01-15 13:44:31
357,Salinopolis,-0.6136,-47.3561,85.44,64,65,13.73,BR,2021-01-15 13:44:31
358,Tacuarembo,-31.7333,-55.9833,77.07,69,100,8.34,UY,2021-01-15 13:44:31
359,Mahon,39.8885,4.2658,53.6,71,75,3.44,ES,2021-01-15 13:44:32
360,Coos Bay,43.3665,-124.2179,53.6,100,90,3.74,US,2021-01-15 13:44:32
361,Alappuzha,9.49,76.3264,80.58,78,100,2.53,IN,2021-01-15 13:44:32
362,Brae,60.3964,-1.353,42.8,93,75,18.41,GB,2021-01-15 13:44:32
363,Youkounkoun,12.5333,-13.1333,99.19,8,100,9.4,GN,2021-01-15 13:44:32
364,Bandarbeyla,9.4942,50.8122,75.54,75,32,16.93,SO,2021-01-15 13:44:32
365,Teavaro,-17.5,-149.7667,77.0,83,20,2.3,PF,2021-01-15 13:44:32
366,Mount Isa,-20.7333,139.5,86.0,37,0,8.1,AU,2021-01-15 13:44:32
367,Pescara,42.3333,13.95,48.2,57,75,8.05,IT,2021-01-15 13:44:32
368,Aksarka,66.5606,67.7975,-8.95,90,100,5.82,RU,2021-01-15 13:44:32
369,Mandurah,-32.55,115.7,81.0,29,0,18.41,AU,2021-01-15 13:44:32
370,Jensen Beach,27.2545,-80.2298,55.0,87,20,5.88,US,2021-01-15 13:40:19
371,Sioux Lookout,50.1001,-91.917,30.2,86,90,3.96,CA,2021-01-15 13:44:32
372,San Pedro,14.35,121.0167,80.6,74,75,6.91,PH,2021-01-15 13:44:32
373,Lavrentiya,65.5833,-171.0,8.62,92,100,10.89,RU,2021-01-15 13:44:32
374,Pierreville,46.0703,-72.8112,32.0,93,10,10.36,CA,2021-01-15 13:44:33
375,Islamkot,24.6997,70.177,69.66,20,0,3.69,PK,2021-01-15 13:44:33
376,Buerarema,-14.9594,-39.2997,78.39,88,15,3.69,BR,2021-01-15 13:44:33
377,Denpasar,-8.65,115.2167,78.8,94,75,4.61,ID,2021-01-15 13:44:33
378,Cabarroguis,16.5833,121.5,70.88,92,99,3.24,PH,2021-01-15 13:44:33
379,Praia,14.9215,-23.5087,77.0,57,75,25.32,CV,2021-01-15 13:44:33
380,Querendaro,19.8667,-100.9167,39.2,93,40,1.32,MX,2021-01-15 13:44:33
381,Manokwari,-0.8667,134.0833,80.19,81,100,7.63,ID,2021-01-15 13:44:33
382,Cabra,37.4725,-4.4421,55.4,54,0,1.14,ES,2021-01-15 13:44:33
383,Boras,57.721,12.9401,21.99,79,20,9.22,SE,2021-01-15 13:43:44
384,Los Llanos De Aridane,28.6585,-17.9182,64.4,55,75,12.66,ES,2021-01-15 13:44:33
385,Yulara,-25.2406,130.9889,75.2,35,61,17.27,AU,2021-01-15 13:44:34
386,Ouadda,8.0777,22.4007,98.53,11,0,2.24,CF,2021-01-15 13:44:34
387,Yamethin,20.4333,96.15,66.25,51,0,3.56,MM,2021-01-15 13:44:34
388,Inongo,-1.95,18.2667,80.91,63,11,4.52,CD,2021-01-15 13:44:34
389,Kangaba,11.9333,-8.4167,95.74,9,0,9.08,ML,2021-01-15 13:44:34
390,Vanimo,-2.6741,141.3028,79.18,83,100,3.58,PG,2021-01-15 13:44:34
391,Goderich,43.7501,-81.7165,37.4,81,100,20.71,CA,2021-01-15 13:44:34
392,Kollam,8.8833,76.6,84.2,79,20,0.85,IN,2021-01-15 13:39:35
393,Severnyy,50.677,36.5532,24.8,100,90,6.71,RU,2021-01-15 13:44:34
394,Sarakhs,36.5449,61.1577,73.4,10,51,11.5,IR,2021-01-15 13:44:34
395,Saint-Pierre,-21.3393,55.4781,84.2,74,20,17.27,RE,2021-01-15 13:44:34
396,Port Hardy,50.6996,-127.4199,46.4,87,75,6.91,CA,2021-01-15 13:44:34
397,Carutapera,-1.195,-46.02,86.59,58,87,10.67,BR,2021-01-15 13:44:34
398,Mecca,21.4267,39.8261,81.34,44,25,12.19,SA,2021-01-15 13:44:34
399,Nur,52.6683,22.3221,24.01,64,100,8.01,PL,2021-01-15 13:44:34
400,Coromandel,-18.4733,-47.2003,75.34,77,99,9.35,BR,2021-01-15 13:44:35
401,Leningradskiy,69.3833,178.4167,-2.88,91,100,11.21,RU,2021-01-15 13:44:35
402,Mbandaka,0.0487,18.2603,91.38,41,9,0.98,CD,2021-01-15 13:40:12
403,Manado,1.487,124.8455,75.2,94,40,6.91,ID,2021-01-15 13:44:35
404,Catamarca,-28.4696,-65.7852,86.0,75,48,1.99,AR,2021-01-15 13:44:35
405,Dingli,35.8614,14.3822,60.8,63,20,24.16,MT,2021-01-15 13:44:35
406,Camopi,3.1655,-52.3158,80.67,80,83,3.04,GF,2021-01-15 13:44:35
407,Shwebo,22.5667,95.7,68.72,53,0,3.36,MM,2021-01-15 13:44:35
408,Puerto Madryn,-42.7692,-65.0385,72.86,45,51,18.7,AR,2021-01-15 13:44:35
409,Shu,43.5983,73.7614,28.0,92,0,1.03,KZ,2021-01-15 13:44:35
410,Huaral,-11.495,-77.2078,68.0,88,90,5.75,PE,2021-01-15 13:44:35
411,Esso,55.9333,158.7,0.43,85,63,3.49,RU,2021-01-15 13:44:35
412,Quchan,37.106,58.5095,42.64,50,0,7.52,IR,2021-01-15 13:44:35
413,Siilinjarvi,63.0833,27.6667,-0.4,85,90,4.61,FI,2021-01-15 13:44:35
414,Vardo,70.3705,31.1107,30.2,86,75,3.44,NO,2021-01-15 13:44:35
415,Mwanza,-2.5167,32.9,79.5,50,11,5.93,TZ,2021-01-15 13:44:35
416,Kulhudhuffushi,6.6221,73.07,81.52,77,100,8.93,MV,2021-01-15 13:44:36
417,Ipixuna,-1.7625,-48.8043,84.2,70,40,12.66,BR,2021-01-15 13:44:36
418,Prieska,-29.6641,22.7474,78.87,53,100,12.3,ZA,2021-01-15 13:44:36
419,Alofi,-19.0595,-169.9187,75.2,94,13,1.14,NU,2021-01-15 13:44:36
420,Valdosta,30.8327,-83.2785,53.01,87,90,10.36,US,2021-01-15 13:44:36
421,Hefei,31.8639,117.2808,46.0,39,0,6.71,CN,2021-01-15 13:44:36
422,Newark,40.7357,-74.1724,39.2,87,90,6.91,US,2021-01-15 13:44:36
423,Finschhafen,-6.6024,147.8681,82.26,77,88,16.08,PG,2021-01-15 13:44:36
424,Pizhanka,57.4604,48.542,3.92,94,90,4.16,RU,2021-01-15 13:44:36
425,Keetmanshoop,-26.5833,18.1333,84.2,48,53,6.91,NA,2021-01-15 13:44:36
426,Dondo,-19.6094,34.7431,80.6,89,75,10.36,MZ,2021-01-15 13:44:36
427,Port Elizabeth,-33.918,25.5701,73.4,73,20,31.07,ZA,2021-01-15 13:44:36
428,Acapulco,16.8634,-99.8901,75.2,88,75,4.61,MX,2021-01-15 13:44:36
429,Iralaya,15.0,-83.2333,78.67,85,0,3.98,HN,2021-01-15 13:44:36
430,Villarrica,-25.75,-56.4333,85.08,65,10,8.81,PY,2021-01-15 13:44:37
431,Quatre Cocos,-20.2078,57.7625,84.2,79,40,14.97,MU,2021-01-15 13:44:37
432,General Roca,-39.0333,-67.5833,69.8,46,0,8.05,AR,2021-01-15 13:44:37
433,Hobyo,5.3505,48.5268,78.71,69,3,16.62,SO,2021-01-15 13:44:37
434,Antofagasta,-23.65,-70.4,68.0,56,0,5.75,CL,2021-01-15 13:40:05
435,Marsa Matruh,31.3525,27.2453,68.0,37,0,12.66,EG,2021-01-15 13:44:37
436,Baker City,44.7749,-117.8344,24.8,80,1,4.41,US,2021-01-15 13:44:37
437,Bageshwar,29.85,79.7667,50.25,49,10,2.17,IN,2021-01-15 13:44:37
438,Cidreira,-30.1811,-50.2056,77.23,78,70,19.3,BR,2021-01-15 13:44:37
439,Urucara,-2.5364,-57.76,81.07,86,100,3.65,BR,2021-01-15 13:44:37
440,Moussoro,13.6408,16.4901,90.55,11,45,7.63,TD,2021-01-15 13:44:37
441,Mehamn,71.0357,27.8492,35.6,87,75,12.66,NO,2021-01-15 13:44:37
442,Pemangkat,1.1667,108.9667,76.71,89,100,5.91,ID,2021-01-15 13:42:49
443,Salalah,17.0151,54.0924,80.6,44,0,9.22,OM,2021-01-15 13:41:45
444,Dukat,62.55,155.55,-36.45,80,97,3.33,RU,2021-01-15 13:44:38
445,Coihaique,-45.5752,-72.0662,55.4,88,75,3.44,CL,2021-01-15 13:40:21
446,Elk City,35.412,-99.4043,33.8,32,1,20.71,US,2021-01-15 13:44:38
447,Broome,42.2506,-75.833,33.01,93,1,9.22,US,2021-01-15 13:44:38
448,Marystown,47.1666,-55.1483,32.76,92,100,14.99,CA,2021-01-15 13:44:38
449,Marawi,7.9986,124.2928,78.01,90,100,5.01,PH,2021-01-15 13:44:38
450,Sur,22.5667,59.5289,69.93,63,0,6.26,OM,2021-01-15 13:44:38
451,Hovd,48.0056,91.6419,-1.57,69,0,3.6,MN,2021-01-15 13:44:38
452,Merrill,45.1805,-89.6835,33.8,93,90,6.91,US,2021-01-15 13:44:38
453,Homer,59.6425,-151.5483,32.0,93,90,1.16,US,2021-01-15 13:44:39
454,Mardin,37.3131,40.7436,51.8,76,75,8.05,TR,2021-01-15 13:44:39
455,Huoqiu,32.3394,116.2694,42.24,63,0,10.27,CN,2021-01-15 13:44:39
456,Muscat,23.6139,58.5922,75.2,57,0,5.75,OM,2021-01-15 13:41:16
457,Tromso,69.6496,18.957,35.6,87,90,8.05,NO,2021-01-15 13:41:43
458,Labuan,5.2767,115.2417,78.8,89,20,4.61,MY,2021-01-15 13:44:39
459,Ust-Shonosha,61.1531,41.343,-10.98,89,72,3.83,RU,2021-01-15 13:44:39
460,Masalli,34.7959,126.6553,41.0,81,90,14.97,KR,2021-01-15 13:44:39
461,Chadiza,-14.0678,32.4392,75.81,84,100,4.29,ZM,2021-01-15 13:44:39
462,Keshabpur,22.9183,89.2112,64.47,36,26,6.24,BD,2021-01-15 13:44:39
463,Port Blair,11.6667,92.75,78.6,74,32,9.91,IN,2021-01-15 13:44:39
464,The Valley,18.217,-63.0578,81.0,78,20,6.91,AI,2021-01-15 13:44:39
465,Liku,-0.7275,119.8922,75.24,87,100,3.0,ID,2021-01-15 13:44:39
466,Kaeo,-35.1,173.7833,59.0,87,0,1.99,NZ,2021-01-15 13:44:39
467,Burnie,-41.0667,145.9167,50.0,80,0,7.0,AU,2021-01-15 13:44:39
468,Tuapse,44.1125,39.0742,38.01,77,100,4.14,RU,2021-01-15 13:44:40
469,Maltahohe,-24.8333,16.9833,77.27,56,47,9.95,NA,2021-01-15 13:44:40
470,Tofield,53.3668,-112.6686,17.6,79,61,10.36,CA,2021-01-15 13:41:55
471,Longyearbyen,78.2186,15.6401,24.8,93,90,6.91,SJ,2021-01-15 13:40:41
472,Nome,64.5011,-165.4064,26.6,68,1,18.41,US,2021-01-15 13:44:40
473,Novyye Burasy,52.1324,46.0714,19.99,81,100,3.0,RU,2021-01-15 13:44:40
474,Araceli,10.5529,119.9913,80.31,86,67,21.41,PH,2021-01-15 13:44:40
475,Havre-Saint-Pierre,50.2334,-63.5986,15.8,92,1,4.61,CA,2021-01-15 13:44:40
476,Urusha,54.05,122.9,-24.2,85,97,0.94,RU,2021-01-15 13:44:40
477,Bad Wurzach,47.9,9.9,27.0,97,75,4.0,DE,2021-01-15 13:44:40
478,Kendari,-3.945,122.4989,77.56,89,100,5.68,ID,2021-01-15 13:44:40
479,Egvekinot,66.3167,-179.1667,-7.13,92,100,14.85,RU,2021-01-15 13:44:40
480,Takoradi,4.8845,-1.7554,84.67,66,10,7.72,GH,2021-01-15 13:44:40
481,Malanje,-9.5402,16.341,84.2,84,75,9.22,AO,2021-01-15 13:44:40
482,Volosovo,59.4333,29.4833,3.99,85,75,8.95,RU,2021-01-15 13:44:41
483,Lyuban,52.7985,28.0048,1.27,92,95,8.7,BY,2021-01-15 13:44:41
484,Tigil,57.8,158.6667,-13.54,90,15,1.9,RU,2021-01-15 13:44:41
485,Maniitsoq,65.4167,-52.9,17.56,89,66,8.7,GL,2021-01-15 13:44:41
486,Pevek,69.7008,170.3133,-11.02,87,100,0.27,RU,2021-01-15 13:44:41
487,Caravelas,-17.7125,-39.2481,82.2,68,0,8.41,BR,2021-01-15 13:44:41
488,Baherden,38.4362,57.4316,54.81,36,27,6.96,TM,2021-01-15 13:44:41
489,Haines Junction,60.7522,-137.5108,19.4,93,76,2.93,CA,2021-01-15 13:44:41
490,Pailon,-17.65,-62.75,80.6,78,75,2.3,BO,2021-01-15 13:44:41
491,Fare,-16.7,-151.0167,80.22,77,100,12.82,PF,2021-01-15 13:44:41
492,Pyaozerskiy,65.8333,31.1667,10.71,95,87,2.64,RU,2021-01-15 13:44:41
493,Ola,59.5833,151.2833,-19.1,77,0,6.29,RU,2021-01-15 13:44:23
494,Katherine,-14.4667,132.2667,82.4,69,90,4.05,AU,2021-01-15 13:44:41
495,Saint George,37.1041,-113.5841,33.8,34,1,4.61,US,2021-01-15 13:44:41
496,Datong,40.0936,113.2914,13.41,78,0,4.72,CN,2021-01-15 13:44:42
497,Kosh-Agach,50.0,88.6667,-23.35,80,15,1.92,RU,2021-01-15 13:44:42
498,Chardara,41.2547,67.9692,49.23,54,0,7.18,KZ,2021-01-15 13:44:42
499,Campo Maior,-4.8278,-42.1686,86.47,56,100,5.48,BR,2021-01-15 13:43:12
500,Kolobrzeg,54.1757,15.5834,32.0,69,98,17.11,PL,2021-01-15 13:44:42
501,Sterling,39.0062,-77.4286,39.0,80,75,4.61,US,2021-01-15 13:42:13
502,Kot Samaba,28.5522,70.4684,58.01,26,0,4.25,PK,2021-01-15 13:44:42
503,Hirara,24.8,125.2833,69.03,77,34,19.22,JP,2021-01-15 13:44:42
504,Ilulissat,69.2167,-51.1,15.8,67,75,14.97,GL,2021-01-15 13:44:42
505,San Ramon,37.7799,-121.978,51.01,81,1,4.61,US,2021-01-15 13:41:56
506,Lillooet,50.6856,-121.942,42.8,70,20,20.71,CA,2021-01-15 13:44:42
507,Richards Bay,-28.783,32.0377,89.29,56,9,18.01,ZA,2021-01-15 13:44:42
508,Quepos,9.4236,-84.1652,69.8,68,20,12.66,CR,2021-01-15 13:44:42
509,Kushmurun,52.4503,64.6311,17.6,92,100,14.45,KZ,2021-01-15 13:44:42
510,Krasnyy Yar,46.5331,48.3456,30.2,93,90,17.9,RU,2021-01-15 13:44:42
511,Crib Point,-38.35,145.2,53.01,86,6,19.86,AU,2021-01-15 13:44:43
512,Seydi,39.4816,62.9137,54.72,38,100,19.48,TM,2021-01-15 13:44:43
513,Saint-Joseph,-21.3667,55.6167,84.2,74,20,17.27,RE,2021-01-15 13:44:43
514,Rincon,32.296,-81.2354,46.0,93,20,6.91,US,2021-01-15 13:44:43
515,Gazimurskiy Zavod,51.5461,118.3266,-16.69,85,37,4.74,RU,2021-01-15 13:44:43
516,Karatau,43.1667,70.4667,18.5,91,5,2.62,KZ,2021-01-15 13:44:43
517,Dongzhen,22.3797,110.9389,64.99,56,20,1.39,CN,2021-01-15 13:44:43
518,Pemba,-12.974,40.5178,86.0,79,20,18.41,MZ,2021-01-15 13:40:03
519,Matara,5.9485,80.5353,76.48,84,100,9.15,LK,2021-01-15 13:44:43
520,Saint-Augustin,51.226,-58.6502,24.04,92,6,6.22,CA,2021-01-15 13:44:43
521,Siniscola,40.5719,9.6922,53.6,76,40,8.05,IT,2021-01-15 13:44:43
522,Saryozek,44.3583,77.9753,14.81,78,0,7.11,KZ,2021-01-15 13:44:43
523,Rocha,-34.4833,-54.3333,81.23,48,12,14.14,UY,2021-01-15 13:44:43
524,Videira,-27.0083,-51.1517,75.25,61,54,7.36,BR,2021-01-15 13:41:23
525,Labuhan,-6.8844,112.2051,78.89,86,100,9.35,ID,2021-01-15 13:44:43
526,Nichinan,31.6,131.3667,53.49,73,25,3.71,JP,2021-01-15 13:44:44
527,Vallenar,-28.5708,-70.7581,66.18,59,74,4.76,CL,2021-01-15 13:44:44
528,Emerald,-23.5333,148.1667,82.4,51,0,11.5,AU,2021-01-15 13:44:44
529,Oranjemund,-28.55,16.4333,69.62,73,29,12.41,NA,2021-01-15 13:44:44
530,Pombas,17.1503,-25.0201,75.2,57,75,33.38,CV,2021-01-15 13:44:44
531,Nuuk,64.1835,-51.7216,23.0,63,75,16.11,GL,2021-01-15 13:40:16
532,Ondangwa,-17.9167,15.95,91.4,22,0,10.36,NA,2021-01-15 13:44:44
533,Fez,34.0372,-4.9998,55.4,50,0,4.61,MA,2021-01-15 13:41:44
534,Port Macquarie,-31.4333,152.9167,71.6,100,90,4.61,AU,2021-01-15 13:44:44
535,Voyinka,45.8699,33.9914,36.55,80,96,10.0,UA,2021-01-15 13:44:45
536,Mount Pleasant,32.7941,-79.8626,53.6,100,40,4.61,US,2021-01-15 13:44:45
537,Cascais,38.6979,-9.4215,60.01,72,20,9.22,PT,2021-01-15 13:42:19
538,Ixtlahuacan Del Rio,20.8667,-103.25,48.0,75,75,2.48,MX,2021-01-15 13:44:45
539,Ternate,0.8,127.4,82.38,77,99,9.86,ID,2021-01-15 13:44:45
540,Hanzhong,33.0728,107.0303,44.17,55,99,2.1,CN,2021-01-15 13:44:45
541,Ankang,32.68,109.0172,45.0,22,100,6.02,CN,2021-01-15 13:44:45
542,Riohacha,11.5444,-72.9072,80.22,72,100,13.44,CO,2021-01-15 13:40:20
543,Maragogi,-9.0122,-35.2225,83.53,63,99,11.95,BR,2021-01-15 13:44:45
544,Wakkanai,45.4094,141.6739,22.53,95,100,12.68,JP,2021-01-15 13:44:45
545,Tongzi,28.7829,105.0877,50.16,62,0,1.45,CN,2021-01-15 13:44:45
546,Flin Flon,54.7682,-101.865,-2.2,84,1,4.61,CA,2021-01-15 13:44:45
547,Olga,43.7444,135.2892,18.37,96,100,15.01,RU,2021-01-15 13:44:45
548,Nantucket,41.2835,-70.0995,41.0,87,90,3.44,US,2021-01-15 13:44:45
549,Jabinyanah,35.035,10.9081,66.2,37,0,5.75,TN,2021-01-15 13:44:46
550,Pangoa,-12.1167,-73.0,77.32,70,80,1.1,PE,2021-01-15 13:44:46
551,Russell,32.3502,-85.1999,48.2,93,90,4.61,US,2021-01-15 13:44:46
552,Provideniya,64.3833,-173.3,11.55,93,100,7.52,RU,2021-01-15 13:44:46
553,Gladstone,-23.85,151.25,78.8,69,75,6.91,AU,2021-01-15 13:44:46
554,Umm Kaddadah,13.6017,26.6876,82.65,15,26,11.61,SD,2021-01-15 13:44:46
555,Noumea,-22.2763,166.4572,82.0,100,90,7.43,NC,2021-01-15 13:44:46
556,Doha,25.2867,51.5333,78.8,13,0,2.3,QA,2021-01-15 13:42:24
557,Minab,27.1467,57.0801,73.4,35,40,4.61,IR,2021-01-15 13:44:46
558,Stratford-Upon-Avon,52.1917,-1.7073,36.0,97,100,3.0,GB,2021-01-15 13:44:46
