City_ID,City,Lat,Lng,Max Temp,Humidity,Cloudiness,Wind Speed,Country,Date,Description
0,Minab,27.1467,57.0801,57.2,82,20,4.61,IR,2021-01-16 19:49:38,mist
1,Rio De Janeiro,-22.9028,-43.2075,100.4,62,20,10.36,BR,2021-01-16 19:45:49,few clouds
2,Hithadhoo,-0.6,73.0833,81.16,76,100,10.96,MV,2021-01-16 19:46:49,overcast clouds
3,Nchelenge,-9.3451,28.734,72.12,77,100,5.3,ZM,2021-01-16 19:49:39,overcast clouds
4,Bathsheba,13.2167,-59.5167,84.2,54,20,20.71,BB,2021-01-16 19:47:18,few clouds
5,Los Llanos De Aridane,28.6585,-17.9182,64.4,59,75,10.36,ES,2021-01-16 19:49:39,broken clouds
6,Nouakchott,18.0858,-15.9785,77.0,6,100,10.36,MR,2021-01-16 19:48:54,sand
7,Georgetown,5.4112,100.3354,80.01,83,20,5.26,MY,2021-01-16 19:49:39,few clouds
8,Samana,19.2056,-69.3369,86.0,74,20,9.22,DO,2021-01-16 19:49:39,few clouds
9,Mbandaka,0.0487,18.2603,73.62,80,97,1.77,CD,2021-01-16 19:49:39,overcast clouds
10,Rincon,32.296,-81.2354,53.6,32,75,21.85,US,2021-01-16 19:45:31,broken clouds
11,Amapa,1.0,-52.0,80.11,90,31,3.51,BR,2021-01-16 19:49:39,scattered clouds
12,Marawi,7.9986,124.2928,73.99,96,100,4.0,PH,2021-01-16 19:49:39,overcast clouds
13,Rehoboth,-23.3167,17.0833,78.33,47,99,6.02,NA,2021-01-16 19:46:03,overcast clouds
14,Nouadhibou,20.931,-17.0347,69.8,35,98,12.66,MR,2021-01-16 19:49:39,dust
15,Sao Filipe,14.8961,-24.4956,71.89,75,53,10.27,CV,2021-01-16 19:49:39,broken clouds
16,Okitipupa,6.5047,4.7839,77.54,81,33,3.29,NG,2021-01-16 19:49:39,scattered clouds
17,Ponta Do Sol,32.6667,-17.1,55.99,56,79,3.0,PT,2021-01-16 19:49:39,broken clouds
18,Yarim,14.298,44.3779,49.44,46,0,3.11,YE,2021-01-16 19:49:39,clear sky
19,Ribeira Grande,38.5167,-28.7,60.8,94,75,4.61,PT,2021-01-16 19:49:39,broken clouds
20,Piacabucu,-10.4056,-36.4344,80.85,69,96,12.91,BR,2021-01-16 19:49:39,overcast clouds
21,Kavaratti,10.5669,72.642,81.66,77,0,7.25,IN,2021-01-16 19:49:40,light rain
22,Ndago,-4.6,34.35,62.37,92,0,3.83,TZ,2021-01-16 19:49:40,light rain
23,Soyo,-6.1349,12.3689,79.86,76,96,10.74,AO,2021-01-16 19:49:40,overcast clouds
24,Beira,-19.8436,34.8389,78.8,89,75,17.27,MZ,2021-01-16 19:49:40,broken clouds
25,Jamestown,42.097,-79.2353,36.0,80,90,10.36,US,2021-01-16 19:49:26,light rain
26,Sinnamary,5.3833,-52.95,80.37,76,67,12.39,GF,2021-01-16 19:49:40,broken clouds
27,Bubaque,11.2833,-15.8333,77.77,72,91,15.73,GW,2021-01-16 19:49:40,overcast clouds
28,Saint George,37.1041,-113.5841,62.01,28,1,3.44,US,2021-01-16 19:49:40,clear sky
29,Caravelas,-17.7125,-39.2481,80.47,69,20,10.78,BR,2021-01-16 19:47:17,few clouds
30,Sur,22.5667,59.5289,66.31,67,0,2.42,OM,2021-01-16 19:49:40,clear sky
31,Nalut,30.3333,10.85,46.17,59,0,8.86,LY,2021-01-16 19:49:40,clear sky
32,Lamu,-2.2717,40.902,78.8,83,1,5.75,KE,2021-01-16 19:49:40,clear sky
33,Adrar,20.5022,-10.0711,62.91,21,100,12.41,MR,2021-01-16 19:46:42,overcast clouds
34,Ambovombe,-25.1667,46.0833,77.11,85,3,6.98,MG,2021-01-16 19:49:40,clear sky
35,Richards Bay,-28.783,32.0377,73.85,88,97,7.38,ZA,2021-01-16 19:47:13,light rain
36,Anloga,5.7947,0.8973,82.4,83,20,10.36,GH,2021-01-16 19:49:40,few clouds
37,Victoria,22.2855,114.1577,61.0,78,96,1.01,HK,2021-01-16 19:44:47,overcast clouds
38,Calvinia,-31.4707,19.776,61.59,65,0,6.96,ZA,2021-01-16 19:49:41,clear sky
39,Bam,29.106,58.357,50.25,36,0,1.97,IR,2021-01-16 19:49:41,clear sky
40,Tripoli,32.8752,13.1875,55.8,68,29,16.91,LY,2021-01-16 19:49:41,light rain
41,Okakarara,-20.5833,17.4333,66.7,92,100,10.09,NA,2021-01-16 19:49:41,heavy intensity rain
42,Arraial Do Cabo,-22.9661,-42.0278,84.2,61,0,20.71,BR,2021-01-16 19:46:58,clear sky
43,Tarrafal,15.2833,-23.7667,71.6,68,0,17.27,CV,2021-01-16 19:49:41,clear sky
44,San Martin,-33.081,-68.4681,73.4,25,0,8.05,AR,2021-01-16 19:49:41,clear sky
45,Ouesso,1.6136,16.0517,77.34,58,16,1.57,CG,2021-01-16 19:49:41,few clouds
46,Luderitz,-26.6481,15.1594,66.36,70,0,17.18,NA,2021-01-16 19:47:34,clear sky
47,Tignere,7.3667,12.65,67.77,25,9,2.59,CM,2021-01-16 19:49:41,clear sky
48,Kintampo,8.0563,-1.7306,80.62,18,0,2.24,GH,2021-01-16 19:49:41,clear sky
49,Mahebourg,-20.4081,57.7,80.6,83,75,11.5,MU,2021-01-16 19:49:41,broken clouds
50,Bitam,2.076,11.5007,71.55,89,100,4.05,GA,2021-01-16 19:49:41,overcast clouds
51,Hobyo,5.3505,48.5268,76.6,81,1,18.68,SO,2021-01-16 19:49:41,clear sky
52,Chissamba,-12.1667,17.3333,66.33,66,48,3.51,AO,2021-01-16 19:49:41,scattered clouds
53,Buta,2.7858,24.73,74.77,69,67,2.55,CD,2021-01-16 19:49:41,broken clouds
54,Atar,20.5169,-13.0499,66.34,17,100,14.88,MR,2021-01-16 19:49:42,overcast clouds
55,Mananara,-16.1667,49.7667,76.12,88,38,3.67,MG,2021-01-16 19:49:42,scattered clouds
56,Qandala,11.472,49.8728,75.04,65,6,5.5,SO,2021-01-16 19:49:42,clear sky
57,Arlit,18.7369,7.3853,73.81,17,1,8.52,NE,2021-01-16 19:47:33,clear sky
58,Accra,5.556,-0.1969,80.6,89,20,13.8,GH,2021-01-16 19:46:54,few clouds
59,Rio Brilhante,-21.8019,-54.5464,83.35,79,100,7.78,BR,2021-01-16 19:49:42,overcast clouds
60,Araguaina,-7.1911,-48.2072,79.63,83,85,5.1,BR,2021-01-16 19:47:48,light rain
61,Doha,25.2867,51.5333,66.2,68,0,3.44,QA,2021-01-16 19:46:49,clear sky
62,Ambilobe,-13.2,49.05,75.51,92,90,3.04,MG,2021-01-16 19:49:42,overcast clouds
63,Lavumisa,-27.31,31.892,75.2,94,100,3.44,SZ,2021-01-16 19:49:42,light rain
64,Calabar,4.9517,8.322,79.74,78,79,3.98,NG,2021-01-16 19:49:42,broken clouds
65,Santa Maria Da Vitoria,-13.3947,-44.1886,83.71,61,99,3.22,BR,2021-01-16 19:49:42,light rain
66,Mayumba,-3.432,10.6554,78.62,81,100,5.7,GA,2021-01-16 19:49:42,overcast clouds
67,Sokolo,14.7328,-6.1219,74.07,18,100,13.18,ML,2021-01-16 19:49:42,overcast clouds
68,Umm Lajj,25.0213,37.2685,69.3,52,0,8.48,SA,2021-01-16 19:47:17,clear sky
69,Herat,34.5,62.0,43.54,51,0,4.68,AF,2021-01-16 19:49:42,clear sky
70,Oriximina,-1.7656,-55.8661,90.21,45,53,5.88,BR,2021-01-16 19:49:43,broken clouds
71,Kelo,9.3086,15.8066,77.58,18,28,4.41,TD,2021-01-16 19:49:43,scattered clouds
72,Ilorin,8.5,4.55,84.2,28,0,5.75,NG,2021-01-16 19:49:43,clear sky
73,Lethem,3.3803,-59.7968,85.64,59,29,9.48,GY,2021-01-16 19:49:43,scattered clouds
74,Codrington,-38.2667,141.9667,55.31,70,97,9.26,AU,2021-01-16 19:49:43,overcast clouds
75,Samfya,-11.3649,29.5565,66.85,90,97,4.79,ZM,2021-01-16 19:49:43,light rain
76,Awbari,26.5921,12.7805,49.01,44,0,6.04,LY,2021-01-16 19:49:43,clear sky
77,Kismayo,-0.3582,42.5454,77.61,82,0,13.98,SO,2021-01-16 19:49:43,clear sky
78,Bandarbeyla,9.4942,50.8122,74.89,76,0,16.98,SO,2021-01-16 19:49:43,clear sky
79,Tambura,5.6,27.4667,75.06,24,67,3.29,SS,2021-01-16 19:49:43,broken clouds
80,Najran,17.4924,44.1277,62.6,31,0,1.36,SA,2021-01-16 19:49:26,clear sky
81,Opuwo,-18.0607,13.84,67.46,67,1,13.71,NA,2021-01-16 19:49:43,clear sky
82,Katima Mulilo,-17.5,24.2667,69.13,92,94,4.18,NA,2021-01-16 19:49:43,overcast clouds
83,Grand-Santi,4.25,-54.3833,79.29,90,23,4.41,GF,2021-01-16 19:49:43,few clouds
84,Takoradi,4.8845,-1.7554,79.83,81,59,10.49,GH,2021-01-16 19:49:43,broken clouds
85,Mocuba,-16.8392,36.9856,78.22,86,100,2.55,MZ,2021-01-16 19:49:43,overcast clouds
86,Uaua,-9.8414,-39.4817,87.91,35,77,16.15,BR,2021-01-16 19:49:43,broken clouds
87,Sao Felix Do Xingu,-6.6447,-51.995,76.75,92,100,2.3,BR,2021-01-16 19:49:43,overcast clouds
88,Ponta Delgada,37.7333,-25.6667,62.01,100,75,11.5,PT,2021-01-16 19:49:44,moderate rain
89,Parana,-31.732,-60.5238,85.26,52,99,14.18,AR,2021-01-16 19:47:44,overcast clouds
90,Gat,31.61,34.7642,57.99,17,9,1.01,IL,2021-01-16 19:49:01,clear sky
91,Port-Gentil,-0.7193,8.7815,82.4,83,40,9.22,GA,2021-01-16 19:49:44,light rain
92,Karuzi,-3.125,30.1333,62.1,91,100,1.97,BI,2021-01-16 19:49:44,overcast clouds
93,Guapimirim,-22.5372,-42.9819,91.99,49,20,12.66,BR,2021-01-16 19:49:44,few clouds
94,Saint-Philippe,-21.3585,55.7679,82.4,78,20,3.44,RE,2021-01-16 19:49:44,light rain
95,Dosso,13.049,3.1937,75.96,18,23,8.93,NE,2021-01-16 19:49:44,few clouds
96,Mitu,1.1983,-70.1733,80.78,88,100,4.36,CO,2021-01-16 19:49:44,light rain
97,Ihosy,-22.4,46.1167,72.63,84,100,2.1,MG,2021-01-16 19:49:45,light rain
98,Mao,39.8885,4.2658,46.4,81,20,5.75,ES,2021-01-16 19:49:45,few clouds
99,San Borja,-14.8167,-66.85,88.34,60,42,8.08,BO,2021-01-16 19:49:45,scattered clouds
100,Santiago Del Estero,-27.7951,-64.2615,72.0,78,78,8.01,AR,2021-01-16 19:49:45,broken clouds
101,Puerto Del Rosario,28.5004,-13.8627,64.4,59,75,14.97,ES,2021-01-16 19:46:56,broken clouds
102,Ponta Grossa,-25.095,-50.1619,75.49,83,45,7.31,BR,2021-01-16 19:49:45,scattered clouds
103,Calama,-22.4667,-68.9333,73.4,33,0,21.85,CL,2021-01-16 19:49:45,clear sky
104,Laguna,38.421,-121.4238,62.01,59,1,3.44,US,2021-01-16 19:49:45,clear sky
105,Idenao,4.2475,9.0047,78.8,83,20,5.75,CM,2021-01-16 19:49:45,few clouds
106,Tinaquillo,9.9186,-68.3047,89.6,33,40,4.21,VE,2021-01-16 19:49:45,scattered clouds
107,Grand-Lahou,5.1367,-5.0242,79.68,82,7,8.95,CI,2021-01-16 19:49:45,clear sky
108,Marzuq,14.4,46.4667,59.32,53,0,2.71,YE,2021-01-16 19:49:45,clear sky
109,Pauini,-7.7136,-66.9764,80.38,77,95,2.51,BR,2021-01-16 19:49:45,heavy intensity rain
110,Asfi,32.2994,-9.2372,55.92,74,0,17.63,MA,2021-01-16 19:49:45,clear sky
111,Taoudenni,22.6783,-3.9836,61.12,26,1,11.61,ML,2021-01-16 19:46:46,clear sky
112,Porbandar,21.6422,69.6093,64.2,46,0,5.37,IN,2021-01-16 19:49:45,clear sky
113,Sayyan,15.1718,44.3244,46.35,51,0,1.41,YE,2021-01-16 19:46:57,clear sky
114,Vila Velha,-20.3297,-40.2925,84.2,58,75,13.8,BR,2021-01-16 19:49:46,broken clouds
115,Harper,4.375,-7.7169,78.89,79,42,6.24,LR,2021-01-16 19:49:46,scattered clouds
116,Capitao Poco,-1.7464,-47.0594,83.91,79,40,3.09,BR,2021-01-16 19:49:46,scattered clouds
117,Cayenne,4.9333,-52.3333,84.2,70,75,11.5,GF,2021-01-16 19:49:46,broken clouds
118,Sao Joao Da Barra,-21.6403,-41.0511,86.0,54,20,23.02,BR,2021-01-16 19:49:46,few clouds
119,Araouane,18.9048,-3.5265,63.39,21,98,11.34,ML,2021-01-16 19:49:46,overcast clouds
120,Carinhanha,-14.3047,-43.765,84.61,54,100,3.78,BR,2021-01-16 19:49:46,overcast clouds
121,Mogadishu,2.0371,45.3438,76.98,84,0,19.98,SO,2021-01-16 19:49:46,clear sky
122,Jacareacanga,-6.2222,-57.7528,89.47,56,74,1.54,BR,2021-01-16 19:49:46,light rain
123,Mumford,5.2618,-0.759,80.17,80,1,10.96,GH,2021-01-16 19:49:46,clear sky
124,Yafran,32.0633,12.5286,45.21,74,3,6.96,LY,2021-01-16 19:49:46,clear sky
125,Tabou,4.423,-7.3528,79.21,81,5,7.9,CI,2021-01-16 19:49:46,clear sky
126,Maua,-23.6678,-46.4614,82.4,47,75,11.5,BR,2021-01-16 19:49:47,broken clouds
127,Marco,25.9726,-81.729,66.2,59,90,13.8,US,2021-01-16 19:49:47,overcast clouds
128,Soure,-0.7167,-48.5233,83.16,72,34,11.36,BR,2021-01-16 19:49:47,scattered clouds
129,Kapoeta,4.7717,33.5903,84.43,37,84,7.43,SS,2021-01-16 19:49:47,broken clouds
130,Tshane,-24.0196,21.8684,80.56,36,8,16.33,BW,2021-01-16 19:49:47,clear sky
131,Fort Wellington,6.4,-57.6,81.46,73,98,12.66,GY,2021-01-16 19:49:47,overcast clouds
132,Novo Aripuana,-5.1206,-60.3797,83.5,82,83,4.23,BR,2021-01-16 19:49:47,broken clouds
133,Boca Do Acre,-8.7522,-67.3978,88.23,58,61,3.98,BR,2021-01-16 19:49:47,broken clouds
134,San Rafael,-34.6177,-68.3301,77.43,20,0,8.48,AR,2021-01-16 19:49:47,clear sky
135,Tessalit,20.1986,1.0114,60.08,23,94,9.48,ML,2021-01-16 19:49:47,overcast clouds
136,Grand Gaube,-20.0064,57.6608,80.01,81,99,5.99,MU,2021-01-16 19:49:47,overcast clouds
137,Belmonte,-15.8631,-38.8828,86.0,66,20,6.91,BR,2021-01-16 19:49:47,few clouds
138,Biltine,14.5333,20.9167,68.23,22,0,6.58,TD,2021-01-16 19:46:57,clear sky
139,Ziarat,30.3823,67.7282,35.19,56,0,2.15,PK,2021-01-16 19:49:47,clear sky
140,Aranos,-24.1333,19.1167,78.39,43,0,9.31,NA,2021-01-16 19:49:47,clear sky
141,Ambam,2.3833,11.2833,71.56,90,100,4.0,CM,2021-01-16 19:49:47,overcast clouds
142,Arcoverde,-8.4189,-37.0539,87.85,28,0,10.27,BR,2021-01-16 19:49:48,clear sky
143,Faya,18.3851,42.4509,55.4,82,0,4.61,SA,2021-01-16 19:49:48,clear sky
144,Salalah,17.0151,54.0924,71.6,68,0,4.61,OM,2021-01-16 19:49:48,clear sky
145,Bereda,43.2686,-7.5406,41.0,99,0,1.99,ES,2021-01-16 19:49:48,clear sky
146,Kouroussa,10.65,-9.8833,77.32,17,96,3.74,GN,2021-01-16 19:49:48,overcast clouds
147,Touros,-5.1989,-35.4608,84.2,54,0,14.97,BR,2021-01-16 19:49:48,clear sky
148,Aguas Formosas,-17.0822,-40.9358,76.03,86,100,5.61,BR,2021-01-16 19:49:48,overcast clouds
149,Buraydah,26.326,43.975,62.6,67,40,5.75,SA,2021-01-16 19:49:48,scattered clouds
150,Jardim,-21.4803,-56.1381,85.21,68,100,8.1,BR,2021-01-16 19:46:27,overcast clouds
151,Lobito,-12.3481,13.5456,75.81,75,1,7.38,AO,2021-01-16 19:49:48,clear sky
152,Dwarka,22.2394,68.9678,69.98,50,0,11.79,IN,2021-01-16 19:49:48,clear sky
153,Prata,-19.3072,-48.9242,77.34,80,100,7.2,BR,2021-01-16 19:49:48,moderate rain
154,Quatre Cocos,-20.2078,57.7625,80.6,83,75,11.5,MU,2021-01-16 19:49:48,broken clouds
155,Hurghada,27.2574,33.8129,62.6,36,0,8.05,EG,2021-01-16 19:49:48,clear sky
156,Fonte Boa,-2.4959,-66.2662,83.52,86,27,3.51,BR,2021-01-16 19:49:48,scattered clouds
157,Marsabit,2.3284,37.9899,71.83,54,17,10.54,KE,2021-01-16 19:49:48,few clouds
158,Agadez,19.75,10.25,65.75,26,8,2.8,NE,2021-01-16 19:49:48,clear sky
159,Namibe,-15.1961,12.1522,75.25,66,0,7.47,AO,2021-01-16 19:49:49,clear sky
160,Natal,-5.795,-35.2094,84.2,54,0,19.57,BR,2021-01-16 19:49:49,clear sky
161,Upata,8.0086,-62.3989,81.63,66,87,7.05,VE,2021-01-16 19:49:49,light rain
162,Lubango,-14.9172,13.4925,57.07,68,0,4.54,AO,2021-01-16 19:49:49,clear sky
163,Ouadda,8.0777,22.4007,72.41,23,14,5.93,CF,2021-01-16 19:49:49,few clouds
164,Luanda,-8.8368,13.2343,78.8,83,40,9.22,AO,2021-01-16 19:48:44,scattered clouds
165,Salamiyah,35.0113,37.0532,50.09,79,71,5.55,SY,2021-01-16 19:49:49,broken clouds
166,Kudahuvadhoo,2.6708,72.8944,81.39,70,100,8.32,MV,2021-01-16 19:49:49,overcast clouds
167,Beloha,-25.1667,45.05,75.9,84,3,1.41,MG,2021-01-16 19:47:34,clear sky
168,Sokoni,-6.4333,39.55,80.46,83,0,11.92,TZ,2021-01-16 19:49:49,clear sky
169,Hamilton,39.1834,-84.5333,37.0,64,90,13.8,US,2021-01-16 19:49:49,overcast clouds
170,Tiznit,29.5833,-9.5,55.26,59,0,0.4,MA,2021-01-16 19:49:49,clear sky
171,Libreville,0.3925,9.4537,82.4,83,20,8.05,GA,2021-01-16 19:47:09,light rain
172,Lalibela,12.0333,39.0333,55.6,56,15,7.49,ET,2021-01-16 19:49:49,few clouds
173,The Valley,18.217,-63.0578,82.4,69,20,11.5,AI,2021-01-16 19:49:49,few clouds
174,Makuyuni,-4.7333,38.1,73.27,77,2,1.25,TZ,2021-01-16 19:49:49,clear sky
175,Santa Maria,-29.6842,-53.8069,75.2,88,40,9.22,BR,2021-01-16 19:47:15,scattered clouds
176,Arandis,-22.4167,14.9667,71.01,80,0,5.99,NA,2021-01-16 19:49:50,clear sky
177,Goderich,43.7501,-81.7165,32.0,86,91,6.91,CA,2021-01-16 19:49:50,overcast clouds
178,Frederico Westphalen,-27.3592,-53.3944,84.0,76,71,1.01,BR,2021-01-16 19:49:50,broken clouds
179,Pitimbu,-7.4706,-34.8086,84.2,61,20,14.97,BR,2021-01-16 19:49:50,few clouds
180,Quelimane,-17.8786,36.8883,84.2,79,0,6.91,MZ,2021-01-16 19:49:50,clear sky
181,Abu Dhabi,24.4667,54.3667,64.4,82,0,1.14,AE,2021-01-16 19:48:16,clear sky
182,Khash,28.2211,61.2158,45.0,43,0,1.74,IR,2021-01-16 19:49:50,clear sky
183,Calabozo,8.9242,-67.4293,91.94,34,95,6.73,VE,2021-01-16 19:49:50,overcast clouds
184,Beterou,9.1992,2.2586,78.17,17,0,2.95,BJ,2021-01-16 19:49:50,clear sky
185,Altamira,-3.2033,-52.2064,91.4,58,40,6.91,BR,2021-01-16 19:49:50,scattered clouds
186,Olinda,-8.0089,-34.8553,80.6,65,40,11.5,BR,2021-01-16 19:49:50,scattered clouds
187,Manicore,-5.8092,-61.3003,84.58,77,91,1.32,BR,2021-01-16 19:49:50,light rain
188,Zabol,32.25,67.25,38.7,59,0,4.05,AF,2021-01-16 19:49:50,clear sky
189,Ambanja,-13.6833,48.45,76.86,87,38,2.91,MG,2021-01-16 19:49:50,light rain
190,Lodja,-3.4833,23.4333,71.85,79,31,0.56,CD,2021-01-16 19:49:50,scattered clouds
191,Breves,-1.6822,-50.4803,89.76,47,26,4.32,BR,2021-01-16 19:49:51,scattered clouds
192,Springbok,-29.6643,17.8865,60.94,64,0,5.77,ZA,2021-01-16 19:49:51,clear sky
193,Puerto Carreno,6.189,-67.4859,91.96,43,0,12.66,CO,2021-01-16 19:49:51,clear sky
194,Caluquembe,-13.7833,14.6833,60.76,63,97,7.45,AO,2021-01-16 19:49:51,overcast clouds
195,Arroyo,41.6096,-4.7969,28.4,100,90,3.44,ES,2021-01-16 19:49:51,light snow
196,Kasongo-Lunda,-6.4667,16.8167,71.37,89,99,1.34,CD,2021-01-16 19:47:10,light rain
197,Maiduguri,11.8464,13.1603,71.33,23,7,9.26,NG,2021-01-16 19:49:51,clear sky
198,Morondava,-20.2833,44.2833,84.18,71,35,3.62,MG,2021-01-16 19:49:51,scattered clouds
199,Mega,4.05,38.3,65.19,53,61,10.2,ET,2021-01-16 19:49:51,broken clouds
200,Buchanan,5.8808,-10.0467,78.8,94,20,7.25,LR,2021-01-16 19:49:51,few clouds
201,Papagaios,-19.4492,-44.7478,75.6,85,98,4.76,BR,2021-01-16 19:49:51,overcast clouds
202,Tucurui,-3.7661,-49.6725,83.95,76,62,4.21,BR,2021-01-16 19:49:51,light rain
203,Dogondoutchi,13.6393,4.0287,76.75,17,32,6.93,NE,2021-01-16 19:49:51,scattered clouds
204,Koutsouras,35.0339,25.9469,54.0,75,43,7.72,GR,2021-01-16 19:49:52,scattered clouds
205,Cap Malheureux,-19.9842,57.6142,80.01,82,99,10.0,MU,2021-01-16 19:47:07,overcast clouds
206,Souillac,-20.5167,57.5167,80.6,83,75,11.5,MU,2021-01-16 19:49:52,broken clouds
207,Antalaha,-14.9003,50.2788,75.99,85,26,4.65,MG,2021-01-16 19:47:11,scattered clouds
208,Abu Samrah,35.3029,37.1841,51.85,75,51,12.01,SY,2021-01-16 19:49:52,broken clouds
209,Djibo,14.1022,-1.6306,76.03,18,10,8.3,BF,2021-01-16 19:49:52,clear sky
210,Diffa,13.3154,12.6113,70.56,22,9,7.54,NE,2021-01-16 19:49:52,clear sky
211,Margate,51.3813,1.3862,44.01,92,100,1.99,GB,2021-01-16 19:49:52,overcast clouds
212,Kassala,15.451,36.4,70.39,58,0,9.06,SD,2021-01-16 19:49:52,clear sky
213,Mana,5.6592,-53.7767,80.51,74,8,12.01,GF,2021-01-16 19:49:52,clear sky
214,Valenca,-13.3703,-39.0731,79.9,71,0,7.31,BR,2021-01-16 19:49:52,clear sky
215,Djenne,13.9061,-4.5533,77.04,17,100,11.68,ML,2021-01-16 19:49:52,overcast clouds
216,Saint-Francois,46.4154,3.9054,32.0,93,90,8.05,FR,2021-01-16 19:49:52,moderate rain
217,Boa Vista,2.8197,-60.6733,89.6,48,75,6.91,BR,2021-01-16 19:49:52,broken clouds
218,Ejura,7.3856,-1.3562,84.9,22,16,3.49,GH,2021-01-16 19:49:53,few clouds
219,Aripuana,-9.1667,-60.6333,82.35,89,89,1.39,BR,2021-01-16 19:49:53,moderate rain
220,Cidreira,-30.1811,-50.2056,76.48,90,87,10.56,BR,2021-01-16 19:46:53,overcast clouds
221,Ajdabiya,30.7554,20.2263,58.95,61,1,19.26,LY,2021-01-16 19:49:53,clear sky
222,Asuncion,-25.3007,-57.6359,89.6,66,75,11.5,PY,2021-01-16 19:45:09,broken clouds
223,Khomeyn,33.6423,50.0789,37.78,74,0,1.9,IR,2021-01-16 19:49:53,clear sky
224,Rafaela,-31.2503,-61.4867,82.29,55,100,13.67,AR,2021-01-16 19:49:53,overcast clouds
225,Mabaruma,8.2,-59.7833,82.0,68,100,7.56,GY,2021-01-16 19:49:53,overcast clouds
226,Bako,5.7833,36.5667,70.07,46,98,3.36,ET,2021-01-16 19:49:53,overcast clouds
227,Sao Francisco,-15.9486,-44.8644,78.82,86,100,2.24,BR,2021-01-16 19:49:53,light rain
228,Arona,28.0996,-16.681,64.99,59,20,11.5,ES,2021-01-16 19:49:53,few clouds
229,Anjar,23.1333,70.0167,67.1,25,0,10.96,IN,2021-01-16 19:49:53,clear sky
230,Maragogi,-9.0122,-35.2225,80.53,68,35,10.07,BR,2021-01-16 19:46:44,scattered clouds
231,Quixada,-4.9714,-39.0153,90.36,39,91,4.52,BR,2021-01-16 19:49:53,overcast clouds
232,Nisia Floresta,-6.0911,-35.2086,84.2,54,0,19.57,BR,2021-01-16 19:49:54,clear sky
233,Mendoza,-32.8908,-68.8272,73.4,25,0,8.05,AR,2021-01-16 19:49:14,clear sky
234,Choma,-16.8065,26.9531,66.15,97,100,4.83,ZM,2021-01-16 19:49:54,moderate rain
235,Menongue,-14.6585,17.691,64.47,72,100,0.31,AO,2021-01-16 19:49:54,overcast clouds
236,Kisangani,0.5167,25.2,71.89,88,23,1.48,CD,2021-01-16 19:49:54,few clouds
237,Aguimes,27.9054,-15.4461,64.4,63,40,18.41,ES,2021-01-16 19:49:54,scattered clouds
238,Tingi,-11.3,35.0333,65.46,91,100,3.09,TZ,2021-01-16 19:49:54,overcast clouds
239,Acarau,-2.8856,-40.12,83.14,70,0,17.65,BR,2021-01-16 19:49:54,clear sky
240,Praia,14.9215,-23.5087,71.6,68,0,17.27,CV,2021-01-16 19:49:54,clear sky
241,Xuddur,4.1213,43.8894,76.32,39,11,10.45,SO,2021-01-16 19:49:54,few clouds
242,Porto Seguro,-16.4497,-39.0647,82.4,61,40,10.36,BR,2021-01-16 19:49:54,scattered clouds
243,Goure,13.9835,10.2704,69.44,19,0,7.0,NE,2021-01-16 19:49:54,clear sky
244,Conceicao Da Barra,-18.5933,-39.7322,80.62,67,9,10.4,BR,2021-01-16 19:49:54,clear sky
245,Bambous Virieux,-20.3428,57.7575,80.6,83,75,11.5,MU,2021-01-16 19:49:54,broken clouds
246,Copiapo,-27.3667,-70.3333,71.6,53,20,12.66,CL,2021-01-16 19:47:30,few clouds
247,Bani Walid,31.7566,13.9942,50.77,65,50,10.07,LY,2021-01-16 19:49:55,scattered clouds
248,Granja,-3.1203,-40.8261,89.01,50,22,12.48,BR,2021-01-16 19:49:55,few clouds
249,Sumbe,-11.2061,13.8437,75.52,80,0,9.22,AO,2021-01-16 19:49:55,clear sky
250,Otjiwarongo,-20.4637,16.6477,67.66,85,100,9.89,NA,2021-01-16 19:49:55,moderate rain
251,Conde,-7.2597,-34.9075,84.2,61,20,14.97,BR,2021-01-16 19:49:55,few clouds
252,Rafai,4.95,23.9167,72.16,34,3,0.98,CF,2021-01-16 19:49:55,clear sky
253,East London,-33.0153,27.9116,71.02,66,0,19.37,ZA,2021-01-16 19:49:55,clear sky
254,Mizdah,31.4451,12.9801,47.73,64,7,9.08,LY,2021-01-16 19:49:55,clear sky
255,Hedaru,-4.5,37.9,72.82,80,0,2.98,TZ,2021-01-16 19:49:55,light rain
256,Inirida,3.8653,-67.9239,86.97,65,69,3.87,CO,2021-01-16 19:49:55,light rain
257,Wamba,8.9333,8.6,77.38,19,93,2.68,NG,2021-01-16 19:49:55,overcast clouds
258,Yenagoa,4.9247,6.2642,77.54,87,84,5.35,NG,2021-01-16 19:49:55,broken clouds
259,Itaobim,-16.5667,-41.8333,77.41,83,100,6.29,BR,2021-01-16 19:49:55,overcast clouds
260,Torbay,47.6666,-52.7314,33.01,93,90,28.77,CA,2021-01-16 19:49:55,snow
261,Senador Jose Porfirio,-2.5908,-51.9542,89.01,50,20,1.79,BR,2021-01-16 19:49:56,few clouds
262,Mayor Pablo Lagerenza,-19.9309,-60.7718,94.1,44,79,13.65,PY,2021-01-16 19:49:56,broken clouds
263,Saint-Joseph,-21.3667,55.6167,82.4,78,20,3.44,RE,2021-01-16 19:49:56,few clouds
264,Carai,-17.1889,-41.6947,70.47,91,100,8.05,BR,2021-01-16 19:49:56,overcast clouds
265,Tucupita,9.0622,-62.051,82.71,67,100,7.7,VE,2021-01-16 19:49:56,light rain
266,Cururupu,-1.8283,-44.8683,84.22,63,65,6.58,BR,2021-01-16 19:49:56,broken clouds
267,Casablanca,33.5928,-7.6192,55.4,71,0,5.75,MA,2021-01-16 19:49:56,clear sky
268,Carutapera,-1.195,-46.02,83.68,68,14,9.06,BR,2021-01-16 19:49:56,few clouds
269,Guapore,-28.8456,-51.8903,83.57,71,98,3.06,BR,2021-01-16 19:49:56,overcast clouds
270,Barcelos,41.5388,-8.6151,46.0,100,0,3.11,PT,2021-01-16 19:49:56,clear sky
271,Leo,11.1,-2.1,77.7,15,9,7.09,BF,2021-01-16 19:49:56,clear sky
272,Ibra,22.6906,58.5334,56.01,81,0,2.04,OM,2021-01-16 19:46:59,clear sky
273,Ugoofaaru,5.6667,73.0,81.03,79,33,9.06,MV,2021-01-16 19:49:56,light rain
274,Sambava,-14.2667,50.1667,77.83,82,9,5.39,MG,2021-01-16 19:49:56,clear sky
275,Azangaro,-14.9167,-70.2167,62.6,45,75,4.61,PE,2021-01-16 19:49:56,light rain
276,Nyimba,-14.5566,30.8149,70.14,88,98,3.33,ZM,2021-01-16 19:49:57,overcast clouds
277,Kaduna,10.5222,7.4383,75.63,19,5,6.02,NG,2021-01-16 19:49:57,clear sky
278,Oron,4.8256,8.2343,80.42,78,81,6.46,NG,2021-01-16 19:49:57,broken clouds
279,Alta Floresta,-9.8756,-56.0861,84.2,74,20,5.75,BR,2021-01-16 19:49:57,very heavy rain
280,Yabelo,4.8833,38.0833,67.93,37,87,5.99,ET,2021-01-16 19:49:57,overcast clouds
281,Komatipoort,-25.4332,31.9548,77.0,78,100,1.14,ZA,2021-01-16 19:49:57,moderate rain
282,Bilma,18.6853,12.9164,65.79,26,0,2.15,NE,2021-01-16 19:49:57,clear sky
283,Gweta,-20.1833,25.2333,73.56,80,100,11.34,BW,2021-01-16 19:49:57,moderate rain
284,Santiago,-33.4569,-70.6483,89.01,25,0,9.22,CL,2021-01-16 19:48:09,clear sky
285,Tsabong,-26.0217,22.401,79.97,28,18,15.21,BW,2021-01-16 19:49:57,few clouds
286,Brusque,-27.0981,-48.9175,86.0,78,40,16.11,BR,2021-01-16 19:49:57,scattered clouds
287,Humberto De Campos,-2.5983,-43.4611,83.32,70,54,8.32,BR,2021-01-16 19:49:57,light rain
288,Tahoua,14.8888,5.2692,82.4,15,96,4.61,NE,2021-01-16 19:49:57,overcast clouds
289,Vila Franca Do Campo,37.7167,-25.4333,62.01,100,75,11.5,PT,2021-01-16 19:49:57,moderate rain
290,Itaituba,-4.2761,-55.9836,91.51,46,75,3.33,BR,2021-01-16 19:48:50,broken clouds
291,Jeronimo Monteiro,-20.7894,-41.395,79.77,79,93,3.94,BR,2021-01-16 19:49:57,overcast clouds
292,Ngorongoro,-3.2397,35.4875,52.86,100,3,1.54,TZ,2021-01-16 19:49:57,clear sky
293,Wageningen,51.9667,5.6667,33.01,100,75,11.5,NL,2021-01-16 19:49:58,snow
294,Riyadh,24.6877,46.7219,66.2,37,0,4.61,SA,2021-01-16 19:49:58,clear sky
295,Coro,11.4045,-69.6734,83.26,62,100,16.31,VE,2021-01-16 19:49:58,overcast clouds
296,Dera Bugti,29.0307,69.151,56.68,32,0,3.65,PK,2021-01-16 19:49:58,clear sky
297,Inyonga,-6.7167,32.0667,64.78,91,99,2.17,TZ,2021-01-16 19:49:58,overcast clouds
298,Mananjary,-21.2167,48.3333,79.5,84,100,8.61,MG,2021-01-16 19:49:58,overcast clouds
299,Abnub,27.2696,31.1511,55.4,62,0,4.61,EG,2021-01-16 19:49:58,clear sky
300,Walvis Bay,-22.9575,14.5053,71.01,68,0,11.5,NA,2021-01-16 19:47:05,clear sky
301,Ndele,8.4109,20.6473,77.0,20,3,5.23,CF,2021-01-16 19:49:58,clear sky
302,Mecca,21.4267,39.8261,70.81,67,1,7.2,SA,2021-01-16 19:48:01,clear sky
303,Manono,-7.3,27.4167,69.66,93,100,1.03,CD,2021-01-16 19:49:58,light rain
304,Manaira,-7.7061,-38.1544,87.31,23,100,3.58,BR,2021-01-16 19:49:58,overcast clouds
305,Porto Novo,6.4965,2.6036,82.4,83,20,11.5,BJ,2021-01-16 19:49:58,few clouds
306,Gunjur,13.2019,-16.7339,78.8,44,68,13.0,GM,2021-01-16 19:49:58,broken clouds
307,Jalu,29.0331,21.5482,52.3,49,0,9.04,LY,2021-01-16 19:49:58,clear sky
308,Road Town,18.4167,-64.6167,84.2,61,20,9.22,VG,2021-01-16 19:49:58,few clouds
309,Gandorhun,7.5,-11.8333,77.13,82,100,4.65,SL,2021-01-16 19:49:59,overcast clouds
310,Macenta,8.5435,-9.471,73.54,21,100,1.9,GN,2021-01-16 19:49:59,overcast clouds
311,Joanopolis,-22.9303,-46.2756,77.0,83,75,12.66,BR,2021-01-16 19:49:59,light rain
312,Mazagao,-0.115,-51.2894,86.0,70,40,6.91,BR,2021-01-16 19:49:59,scattered clouds
313,Maceio,-9.6658,-35.7353,82.4,69,75,16.11,BR,2021-01-16 19:49:59,broken clouds
314,Lucapa,-8.4192,20.7447,66.16,97,56,2.33,AO,2021-01-16 19:49:59,broken clouds
315,Vilhena,-12.7406,-60.1458,80.6,83,75,9.22,BR,2021-01-16 19:47:09,broken clouds
316,Uruzgan,32.8333,66.0,40.12,57,0,4.76,AF,2021-01-16 19:49:59,clear sky
317,Pemba,-12.974,40.5178,80.6,89,40,12.66,MZ,2021-01-16 19:49:59,scattered clouds
318,Teguise,29.0605,-13.564,62.6,63,75,9.22,ES,2021-01-16 19:49:59,broken clouds
319,Betare Oya,5.6,14.0833,72.27,25,91,1.59,CM,2021-01-16 19:49:59,overcast clouds
320,Kutum,14.2,24.6667,58.75,26,0,6.64,SD,2021-01-16 19:49:59,clear sky
321,Augusto Correa,-1.0217,-46.635,84.06,66,15,7.49,BR,2021-01-16 19:49:59,few clouds
322,Abha,18.2164,42.5053,55.4,82,0,4.61,SA,2021-01-16 19:49:59,clear sky
323,Sakakah,29.9697,40.2064,55.4,35,0,4.61,SA,2021-01-16 19:45:29,clear sky
324,Chiconi,-12.8333,45.1106,80.6,78,0,3.44,YT,2021-01-16 19:49:59,clear sky
325,Kibala,9.1104,18.3463,84.2,28,0,3.62,TD,2021-01-16 19:50:00,clear sky
326,Arua,3.0201,30.9111,71.01,47,91,4.45,UG,2021-01-16 19:50:00,overcast clouds
327,Rabat,33.9911,-6.8401,48.99,93,0,8.1,MA,2021-01-16 19:50:00,clear sky
328,Kitgum,3.2783,32.8867,79.79,37,95,1.41,UG,2021-01-16 19:50:00,overcast clouds
329,Oussouye,12.485,-16.5469,84.2,74,0,4.61,SN,2021-01-16 19:50:00,clear sky
330,Luba,3.4568,8.5547,78.8,83,20,5.75,GQ,2021-01-16 19:50:00,few clouds
331,Humaita,-7.5061,-63.0208,84.0,70,100,2.13,BR,2021-01-16 19:50:00,overcast clouds
332,Tenenkou,14.4572,-4.9169,75.31,17,92,12.64,ML,2021-01-16 19:50:00,overcast clouds
333,Mlandizi,-6.7,38.7333,74.17,95,0,3.6,TZ,2021-01-16 19:50:00,clear sky
334,Monsenhor Gil,-5.5642,-42.6078,86.0,66,75,8.05,BR,2021-01-16 19:50:00,moderate rain
335,Voi,-3.3945,38.563,72.95,83,19,3.51,KE,2021-01-16 19:50:00,few clouds
336,Oistins,13.0667,-59.5333,84.2,54,20,20.71,BB,2021-01-16 19:49:33,few clouds
337,Fereydunshahr,32.941,50.121,23.95,91,0,4.16,IR,2021-01-16 19:50:01,clear sky
338,Khorramshahr,30.4397,48.1664,59.0,88,50,2.3,IR,2021-01-16 19:50:01,mist
339,Iranshahr,27.2025,60.6848,55.4,14,0,4.61,IR,2021-01-16 19:46:11,clear sky
340,San Juan,-31.5375,-68.5364,78.57,22,0,22.1,AR,2021-01-16 19:50:01,clear sky
341,Cockburn Town,21.4612,-71.1419,82.4,74,40,9.22,TC,2021-01-16 19:50:01,scattered clouds
342,Swellendam,-34.0226,20.4417,66.2,77,67,9.22,ZA,2021-01-16 19:47:28,broken clouds
343,Mirante Do Paranapanema,-22.2919,-51.9064,81.45,77,100,8.75,BR,2021-01-16 19:50:01,moderate rain
344,Zemio,5.0314,25.1361,74.77,28,37,2.01,CF,2021-01-16 19:50:01,scattered clouds
345,Presidente Olegario,-18.4178,-46.4181,73.0,17,100,4.65,BR,2021-01-16 19:50:01,moderate rain
346,Kinshasa,-4.3246,15.3215,82.4,74,20,6.91,CD,2021-01-16 19:50:02,few clouds
347,Nacala,-14.5428,40.6728,80.4,90,85,9.17,MZ,2021-01-16 19:50:02,overcast clouds
348,Kitui,-1.367,38.0106,65.08,87,0,3.44,KE,2021-01-16 19:50:02,clear sky
349,Bomi,7.2461,-11.5258,77.56,83,100,4.12,SL,2021-01-16 19:50:02,overcast clouds
350,Saldanha,-33.0117,17.9442,68.0,73,0,6.91,ZA,2021-01-16 19:50:02,clear sky
351,Pasni,25.2631,63.471,67.96,49,0,3.6,PK,2021-01-16 19:50:02,clear sky
352,Malanje,-9.5402,16.341,64.67,86,98,4.5,AO,2021-01-16 19:48:32,overcast clouds
353,Marabba,12.35,32.1833,74.01,19,0,11.32,SD,2021-01-16 19:50:02,clear sky
354,Inhambane,-23.865,35.3833,84.2,84,20,20.71,MZ,2021-01-16 19:50:03,few clouds
355,Sakaraha,-22.9,44.5333,76.51,80,100,5.3,MG,2021-01-16 19:50:03,moderate rain
356,Itarema,-2.9248,-39.9167,82.8,70,0,15.82,BR,2021-01-16 19:47:06,clear sky
357,Dom Pedrito,-30.9828,-54.6731,90.18,53,35,8.34,BR,2021-01-16 19:50:03,scattered clouds
358,Cravo Norte,6.3017,-70.2041,90.84,39,0,11.92,CO,2021-01-16 19:50:03,clear sky
359,Paranhos,-23.8928,-55.4311,86.25,64,94,5.93,BR,2021-01-16 19:50:03,overcast clouds
360,Mugumu,-1.85,34.7,60.21,95,26,0.63,TZ,2021-01-16 19:50:03,scattered clouds
361,Sao Sebastiao,-23.76,-45.4097,81.61,70,100,6.29,BR,2021-01-16 19:48:27,light rain
362,Agadir,30.4202,-9.5982,53.6,82,0,3.44,MA,2021-01-16 19:50:03,clear sky
363,Oranjemund,-28.55,16.4333,65.03,77,0,11.16,NA,2021-01-16 19:50:03,clear sky
364,Gouyave,12.1646,-61.7296,86.0,62,75,13.8,GD,2021-01-16 19:50:03,light rain
365,San Pedro De Macoris,18.4616,-69.2972,86.0,62,40,9.22,DO,2021-01-16 19:50:04,scattered clouds
366,Chapada Dos Guimaraes,-15.4606,-55.7497,89.6,51,40,11.5,BR,2021-01-16 19:47:22,scattered clouds
367,Paracuru,-3.41,-39.0306,82.0,75,1,23.0,BR,2021-01-16 19:50:04,clear sky
368,Saint-Georges,12.0564,-61.7485,86.0,62,75,13.8,GD,2021-01-16 19:50:04,light rain
369,Natuba,-7.6414,-35.55,87.8,45,40,17.27,BR,2021-01-16 19:50:04,scattered clouds
370,Soavinandriana,-19.1667,46.7333,64.18,98,100,2.71,MG,2021-01-16 19:50:04,overcast clouds
371,Delijan,33.9905,50.6838,43.23,61,0,0.49,IR,2021-01-16 19:50:04,clear sky
372,Suez,29.9737,32.5263,57.99,45,0,7.61,EG,2021-01-16 19:50:04,clear sky
373,Saurimo,-9.6608,20.3916,65.44,93,97,3.04,AO,2021-01-16 19:50:05,light rain
374,Beroroha,-21.6667,45.1667,78.58,86,100,3.38,MG,2021-01-16 19:50:05,overcast clouds
375,Beirut,33.8889,35.4944,60.8,48,75,12.66,LB,2021-01-16 19:46:56,light rain
376,Barao De Melgaco,-16.1944,-55.9675,89.6,51,40,11.5,BR,2021-01-16 19:50:05,scattered clouds
377,Porto Santo,33.072,-16.3415,59.0,82,40,12.66,PT,2021-01-16 19:50:05,scattered clouds
378,Altagracia De Orituco,9.8601,-66.3814,82.89,46,67,8.43,VE,2021-01-16 19:50:05,broken clouds
379,Rio Tercero,-32.173,-64.1141,71.01,47,42,8.01,AR,2021-01-16 19:50:05,scattered clouds
380,Gao,16.6362,1.637,75.63,17,0,9.4,ML,2021-01-16 19:50:05,clear sky
381,Zambezi,-13.5432,23.1047,66.9,88,100,3.76,ZM,2021-01-16 19:50:05,overcast clouds
382,Puerto Ayacucho,5.6639,-67.6236,90.16,51,0,9.15,VE,2021-01-16 19:50:05,clear sky
383,Tacuarembo,-31.7333,-55.9833,87.94,50,8,8.66,UY,2021-01-16 19:50:05,clear sky
384,Abu Zabad,12.35,29.25,68.45,22,0,9.91,SD,2021-01-16 19:46:51,clear sky
385,Ipora,-16.4419,-51.1178,72.45,91,97,4.18,BR,2021-01-16 19:50:05,overcast clouds
386,Barentu,15.1139,37.5928,64.11,63,0,6.67,ER,2021-01-16 19:50:06,clear sky
387,Bakel,14.905,-12.4568,82.35,13,100,12.17,SN,2021-01-16 19:50:06,overcast clouds
388,Cabedelo,-6.9811,-34.8339,84.2,61,20,14.97,BR,2021-01-16 19:50:06,few clouds
389,Mizan Teferi,6.9833,35.5833,66.16,55,96,1.92,ET,2021-01-16 19:50:06,overcast clouds
390,Ruyigi,-3.45,30.3167,60.17,97,100,3.47,BI,2021-01-16 19:50:06,overcast clouds
391,Hit,33.6416,42.8251,56.12,50,71,5.32,IQ,2021-01-16 19:50:06,broken clouds
392,Santa Isabel,-23.3156,-46.2214,82.0,65,75,14.97,BR,2021-01-16 19:50:07,broken clouds
393,Watsa,3.0372,29.5355,67.89,68,61,2.24,CD,2021-01-16 19:50:07,broken clouds
394,Am Timan,11.0297,20.2827,76.24,19,0,3.85,TD,2021-01-16 19:50:07,clear sky
395,Outjo,-20.1167,16.15,73.2,61,100,15.17,NA,2021-01-16 19:50:07,overcast clouds
396,Henties Bay,-22.116,14.2845,71.01,80,2,5.99,NA,2021-01-16 19:47:06,clear sky
397,San Lazaro,18.0387,-88.6622,78.8,69,90,6.91,BZ,2021-01-16 19:50:07,overcast clouds
398,Florida,28.7505,-82.5001,61.0,50,1,11.5,US,2021-01-16 19:48:03,clear sky
399,Ayorou,14.7308,0.9174,77.92,17,0,8.95,NE,2021-01-16 19:50:07,clear sky
400,George,-33.963,22.4617,66.2,88,75,3.44,ZA,2021-01-16 19:50:07,broken clouds
401,Ginda,30.6945,78.4932,48.29,36,0,5.93,IN,2021-01-16 19:50:07,clear sky
402,Guarapari,-20.6667,-40.4975,84.2,58,75,13.8,BR,2021-01-16 19:50:07,broken clouds
403,Iaciara,-14.0958,-46.6317,77.95,86,100,0.69,BR,2021-01-16 19:46:41,light rain
404,Zlitan,32.4674,14.5687,55.98,67,6,17.25,LY,2021-01-16 19:50:07,clear sky
405,Kumluca,36.3703,30.2869,56.37,66,59,12.17,TR,2021-01-16 19:50:08,broken clouds
406,Guanica,17.9716,-66.908,82.99,62,66,4.0,PR,2021-01-16 19:50:08,broken clouds
407,Okha,53.5739,142.9478,-18.81,88,18,11.43,RU,2021-01-16 19:46:46,few clouds
408,Bedesa,8.9,40.7833,61.47,37,1,5.32,ET,2021-01-16 19:50:08,clear sky
409,Binga,-17.6203,27.3414,74.79,86,100,1.01,ZW,2021-01-16 19:50:08,light rain
410,Gwanda,-20.9333,29.0,70.52,90,100,6.38,ZW,2021-01-16 19:50:08,light rain
411,Tabas,33.5959,56.9244,48.2,27,0,4.61,IR,2021-01-16 19:50:08,clear sky
412,Mongu,-15.2484,23.1274,71.87,74,61,1.9,ZM,2021-01-16 19:50:08,broken clouds
413,Fowa,8.9167,6.4,83.79,20,84,1.81,NG,2021-01-16 19:50:08,broken clouds
414,Kolondieba,11.0882,-6.8926,76.12,16,54,3.78,ML,2021-01-16 19:50:08,broken clouds
415,Mitsamiouli,-11.3847,43.2844,80.87,76,27,6.96,KM,2021-01-16 19:50:09,scattered clouds
416,Kaniama,-7.5667,24.1833,66.52,94,98,1.5,CD,2021-01-16 19:50:09,light rain
417,Kaputa,-8.4689,29.6619,68.45,83,90,3.83,ZM,2021-01-16 19:50:09,overcast clouds
418,Mercedes,-34.6515,-59.4307,79.0,56,100,8.99,AR,2021-01-16 19:47:29,overcast clouds
419,Madimba,-10.4,40.3333,79.07,87,1,8.23,TZ,2021-01-16 19:50:09,clear sky
420,San Carlos,9.6612,-68.5827,90.45,36,100,2.55,VE,2021-01-16 19:47:58,overcast clouds
421,Dzaoudzi,-12.7887,45.2699,80.6,78,0,3.44,YT,2021-01-16 19:50:09,clear sky
422,Nhamunda,-2.1861,-56.7131,91.72,42,48,4.12,BR,2021-01-16 19:50:09,scattered clouds
423,Esfahan,32.6572,51.6776,33.8,51,0,0.85,IR,2021-01-16 19:50:09,clear sky
424,Adre,13.4667,22.2,64.31,25,0,5.68,TD,2021-01-16 19:50:09,clear sky
425,Tahta,26.7693,31.5021,55.4,54,0,8.05,EG,2021-01-16 19:50:09,clear sky
426,Dodola,6.9833,39.1833,54.45,56,16,0.83,ET,2021-01-16 19:50:10,few clouds
427,Zinder,13.8072,8.9881,69.82,20,0,6.96,NE,2021-01-16 19:45:29,clear sky
428,Bosaso,11.2842,49.1816,74.68,70,14,2.17,SO,2021-01-16 19:47:10,few clouds
429,Bangassou,4.7413,22.8184,79.63,37,96,0.51,CF,2021-01-16 19:50:10,overcast clouds
430,Ghanzi,-21.5667,21.7833,76.84,63,99,6.15,BW,2021-01-16 19:50:10,light rain
431,Mindelo,16.8901,-24.9804,71.6,60,75,21.85,CV,2021-01-16 19:50:10,broken clouds
432,Kindu,-2.95,25.95,71.31,86,100,1.63,CD,2021-01-16 19:47:28,light rain
433,Bonthe,7.5264,-12.505,79.23,79,99,9.8,SL,2021-01-16 19:50:10,overcast clouds
434,Sabha,27.0377,14.4283,50.0,43,0,8.63,LY,2021-01-16 19:50:10,clear sky
435,Modakeke,7.3833,4.2667,77.95,69,9,5.12,NG,2021-01-16 19:50:10,clear sky
436,Trairi,-3.2778,-39.2689,82.47,71,4,12.86,BR,2021-01-16 19:50:10,clear sky
437,Luxor,25.6989,32.6421,59.0,47,0,5.75,EG,2021-01-16 19:50:11,clear sky
438,Richmond,37.5538,-77.4603,41.0,75,90,8.05,US,2021-01-16 19:47:11,overcast clouds
439,Salinopolis,-0.6136,-47.3561,83.28,69,100,10.89,BR,2021-01-16 19:50:11,overcast clouds
440,Bardiyah,31.7561,25.0865,59.79,59,12,20.49,LY,2021-01-16 19:50:11,few clouds
441,Louis Trichardt,-23.0439,29.9032,72.63,81,84,3.0,ZA,2021-01-16 19:50:11,moderate rain
442,San Ignacio,17.1561,-89.0714,73.4,83,90,4.61,BZ,2021-01-16 19:50:11,overcast clouds
443,Maine-Soroa,13.2114,12.0241,70.16,23,11,9.19,NE,2021-01-16 19:50:11,few clouds
444,Yazd,31.8972,54.3675,46.4,31,0,4.61,IR,2021-01-16 19:50:11,clear sky
445,Odweyne,9.4092,45.064,64.44,44,0,9.17,SO,2021-01-16 19:50:11,clear sky
446,Mbekenyera,-10.0,38.9833,72.37,96,27,3.65,TZ,2021-01-16 19:50:11,scattered clouds
447,La Rioja,42.25,-2.5,42.8,65,0,12.66,ES,2021-01-16 19:50:11,clear sky
448,Bhag,29.0415,67.8239,58.41,29,0,1.43,PK,2021-01-16 19:50:11,clear sky
449,Keti Bandar,24.1447,67.4497,63.27,27,0,6.69,PK,2021-01-16 19:50:11,clear sky
450,Presidente Medici,-11.1753,-61.9014,76.8,94,100,3.67,BR,2021-01-16 19:50:11,light rain
451,Uige,-7.6087,15.0613,68.36,82,94,1.1,AO,2021-01-16 19:50:12,overcast clouds
452,Marsaxlokk,35.8419,14.5431,51.01,93,90,3.44,MT,2021-01-16 19:50:12,overcast clouds
453,Shahr-E Kord,32.3256,50.8644,24.8,63,0,4.61,IR,2021-01-16 19:50:12,clear sky
454,Karoi,-16.8099,29.6925,66.97,97,100,3.8,ZW,2021-01-16 19:50:12,overcast clouds
455,Urucara,-2.5364,-57.76,89.11,56,62,3.27,BR,2021-01-16 19:47:24,broken clouds
456,Rosetta,31.4044,30.4164,60.8,72,40,11.5,EG,2021-01-16 19:50:12,scattered clouds
457,Pontes E Lacerda,-15.2261,-59.3353,88.39,59,86,7.52,BR,2021-01-16 19:50:12,heavy intensity rain
458,Tatawin,32.9297,10.4518,55.4,47,43,2.3,TN,2021-01-16 19:50:12,scattered clouds
459,Ariquemes,-9.9133,-63.0408,76.66,87,86,2.93,BR,2021-01-16 19:49:08,overcast clouds
460,Canaries,28.0,-15.5,64.4,63,40,18.41,ES,2021-01-16 19:50:12,scattered clouds
461,Chaman,30.9236,66.4512,44.53,45,0,1.23,PK,2021-01-16 19:50:12,clear sky
462,Pirajui,-21.9986,-49.4572,82.4,61,20,5.75,BR,2021-01-16 19:50:12,few clouds
463,Tapes,-30.6733,-51.3958,78.17,83,100,10.98,BR,2021-01-16 19:50:12,moderate rain
464,Aquiraz,-3.9014,-38.3911,86.0,66,20,16.11,BR,2021-01-16 19:50:12,few clouds
465,Bandundu,-3.3167,17.3667,75.47,75,91,1.39,CD,2021-01-16 19:50:12,overcast clouds
466,Jos,9.9167,8.9,69.8,28,60,4.61,NG,2021-01-16 19:50:13,broken clouds
467,Saint-Pierre,-21.3393,55.4781,82.4,78,20,3.44,RE,2021-01-16 19:50:13,few clouds
468,Pout,14.7739,-17.0603,73.4,53,80,9.22,SN,2021-01-16 19:50:13,broken clouds
469,Torit,4.4133,32.5678,84.43,29,79,3.33,SS,2021-01-16 19:50:13,broken clouds
470,General Artigas,-26.9333,-56.2167,91.4,70,90,9.22,PY,2021-01-16 19:50:13,overcast clouds
471,Caconda,-13.7333,15.0667,61.95,63,93,7.94,AO,2021-01-16 19:50:13,overcast clouds
472,Vrede,-27.4257,29.1659,61.77,67,2,3.4,ZA,2021-01-16 19:50:13,clear sky
473,Iacu,-12.7672,-40.2117,79.77,73,100,8.05,BR,2021-01-16 19:50:13,light rain
474,Kidal,18.4411,1.4078,70.14,16,90,14.99,ML,2021-01-16 19:50:13,overcast clouds
475,Khorixas,-20.3667,14.9667,68.7,65,69,15.08,NA,2021-01-16 19:50:13,broken clouds
476,Laela,-8.5667,32.05,60.66,96,87,3.04,TZ,2021-01-16 19:50:13,light rain
477,Tutoia,-2.7619,-42.2744,87.8,66,20,16.11,BR,2021-01-16 19:50:13,few clouds
478,Ndioum,16.5129,-14.6471,77.0,31,90,2.3,SN,2021-01-16 19:50:13,overcast clouds
479,Botshabelo,-29.2702,26.7052,66.2,52,0,5.75,ZA,2021-01-16 19:50:14,clear sky
480,Bukama,-9.2,25.85,69.28,94,94,1.63,CD,2021-01-16 19:50:14,light rain
481,Likasi,-10.9814,26.7333,62.62,96,91,2.86,CD,2021-01-16 19:50:14,overcast clouds
482,Maputo,-25.9653,32.5892,78.8,89,75,13.8,MZ,2021-01-16 19:48:12,heavy intensity rain
483,Vila Do Maio,15.1333,-23.2167,71.6,68,0,17.27,CV,2021-01-16 19:50:14,clear sky
484,Bouna,9.2667,-3.0,77.79,16,54,2.66,CI,2021-01-16 19:50:14,broken clouds
485,Cape Coast,5.1053,-1.2466,80.19,79,14,12.66,GH,2021-01-16 19:50:14,few clouds
486,Shurugwi,-19.6702,30.0059,65.26,97,100,5.46,ZW,2021-01-16 19:50:14,light rain
487,Caldas Novas,-17.7417,-48.625,79.74,67,76,5.95,BR,2021-01-16 19:50:14,light rain
488,Robe,-37.1833,139.75,56.26,77,16,10.2,AU,2021-01-16 19:50:14,few clouds
489,Medina,24.4686,39.6142,69.8,40,0,10.36,SA,2021-01-16 19:48:26,clear sky
490,Cotonou,6.3654,2.4183,82.4,83,20,11.5,BJ,2021-01-16 19:50:15,few clouds
491,Umtata,-31.5889,28.7844,62.6,82,97,8.05,ZA,2021-01-16 19:50:15,overcast clouds
492,Adeje,28.1227,-16.726,64.99,59,20,11.5,ES,2021-01-16 19:50:15,few clouds
493,Sharjah,25.3573,55.4033,66.2,77,0,2.3,AE,2021-01-16 19:47:07,clear sky
494,Maneromango,-7.1988,38.7848,70.43,100,4,3.6,TZ,2021-01-16 19:50:15,clear sky
495,Diego De Almagro,-26.3667,-70.05,78.6,26,0,13.98,CL,2021-01-16 19:50:15,clear sky
496,Eenhana,-17.4667,16.3333,82.4,30,91,1.14,NA,2021-01-16 19:50:15,overcast clouds
497,Desaguadero,-16.5656,-69.0417,55.18,62,86,6.87,PE,2021-01-16 19:50:15,moderate rain
498,Iquique,-20.2208,-70.1431,75.2,50,0,9.22,CL,2021-01-16 19:50:15,clear sky
499,Prieska,-29.6641,22.7474,79.09,18,0,9.64,ZA,2021-01-16 19:50:15,clear sky
500,Axim,4.8699,-2.2405,79.88,79,99,8.01,GH,2021-01-16 19:50:15,overcast clouds
501,Warri,5.5167,5.75,79.18,78,90,5.55,NG,2021-01-16 19:50:15,overcast clouds
502,Inongo,-1.95,18.2667,75.67,74,100,4.03,CD,2021-01-16 19:50:15,light rain
503,Guatire,10.4762,-66.5427,84.2,74,20,2.3,VE,2021-01-16 19:50:15,few clouds
504,Sekoma,-24.4,23.8833,82.98,41,88,7.9,BW,2021-01-16 19:50:15,overcast clouds
505,Vondrozo,-22.8167,47.2833,72.36,100,100,3.58,MG,2021-01-16 19:50:15,moderate rain
506,Gamba,-2.65,10.0,77.95,84,100,6.2,GA,2021-01-16 19:50:16,overcast clouds
507,Artigas,-30.4,-56.4667,88.99,54,97,5.97,UY,2021-01-16 19:50:16,overcast clouds
508,Diamantino,-14.4086,-56.4461,85.14,64,100,5.77,BR,2021-01-16 19:50:16,overcast clouds
509,Vredendal,-31.6683,18.5012,64.69,79,0,7.27,ZA,2021-01-16 19:50:16,clear sky
510,Amudat,1.95,34.95,75.45,49,95,1.21,UG,2021-01-16 19:50:16,overcast clouds
511,Kilindoni,-7.9139,39.6668,80.46,83,0,10.4,TZ,2021-01-16 19:50:16,clear sky
512,Catamarca,-28.4696,-65.7852,71.01,98,76,8.01,AR,2021-01-16 19:50:16,light rain
513,Birao,10.2849,22.7882,73.65,20,0,5.3,CF,2021-01-16 19:50:16,clear sky
514,Ciudad Bolivar,8.1222,-63.5497,89.15,45,96,11.9,VE,2021-01-16 19:50:16,overcast clouds
515,Rudbar,30.15,62.6,49.95,39,0,1.32,AF,2021-01-16 19:50:16,clear sky
516,Aswan,24.0934,32.907,57.42,39,0,5.77,EG,2021-01-16 19:46:28,clear sky
517,Maraa,-1.8333,-65.3667,85.32,75,5,3.09,BR,2021-01-16 19:50:16,clear sky
518,Saint-Louis,16.3333,-15.0,77.0,31,100,2.3,SN,2021-01-16 19:50:16,overcast clouds
519,Kabare,-2.4683,28.8242,62.02,86,99,0.47,CD,2021-01-16 19:50:17,light rain
520,Rio Grande,-32.035,-52.0986,82.99,74,20,8.05,BR,2021-01-16 19:50:17,few clouds
521,Oranjestad,12.524,-70.027,78.8,78,40,13.8,AW,2021-01-16 19:50:17,scattered clouds
522,Marienburg,54.0359,19.0266,21.99,100,95,10.09,PL,2021-01-16 19:50:17,overcast clouds
523,Le Vauclin,14.5452,-60.8388,84.2,61,75,14.97,MQ,2021-01-16 19:50:17,broken clouds
524,Bara,10.3744,10.7288,75.27,19,24,8.08,NG,2021-01-16 19:50:17,few clouds
525,Mweka,-4.85,21.5667,73.76,74,100,1.74,CD,2021-01-16 19:50:17,overcast clouds
526,Nieuw Amsterdam,5.8833,-55.0833,86.0,62,40,13.8,SR,2021-01-16 19:50:17,scattered clouds
527,Durazno,-33.4131,-56.5006,86.0,51,40,8.05,UY,2021-01-16 19:50:17,light rain
528,Luau,-10.7073,22.2247,65.5,95,100,3.24,AO,2021-01-16 19:50:17,overcast clouds
529,Farafangana,-22.8167,47.8333,80.47,84,95,10.13,MG,2021-01-16 19:50:17,overcast clouds
530,Claudio,-20.4433,-44.7658,74.21,84,100,4.72,BR,2021-01-16 19:50:17,moderate rain
531,Campina Verde,-19.5356,-49.4864,80.58,69,100,8.23,BR,2021-01-16 19:50:17,overcast clouds
532,Beni Mazar,28.4962,30.8029,50.85,62,0,4.38,EG,2021-01-16 19:50:18,clear sky
533,Cradock,-32.1642,25.6192,63.19,61,0,11.63,ZA,2021-01-16 19:50:18,clear sky
534,Dakar,14.6937,-17.4441,68.0,64,100,13.8,SN,2021-01-16 19:48:30,overcast clouds
535,Miandrivazo,-19.5167,45.4667,81.46,82,100,0.63,MG,2021-01-16 19:50:18,light rain
536,Bondo,3.8146,23.6866,78.08,46,75,2.1,CD,2021-01-16 19:50:18,broken clouds
537,Omboue,-1.5746,9.2618,78.42,85,100,5.39,GA,2021-01-16 19:50:18,light rain
538,Caucaia,-3.7361,-38.6531,86.0,66,20,16.11,BR,2021-01-16 19:50:18,few clouds
539,Mouila,-1.8685,11.0559,74.98,92,94,2.13,GA,2021-01-16 19:50:18,light rain
540,Santa Cruz De La Palma,28.6835,-17.7642,64.4,59,75,10.36,ES,2021-01-16 19:50:18,broken clouds
541,Nioro,13.35,-15.75,81.52,14,19,7.25,GM,2021-01-16 19:50:18,few clouds
542,Le Port,-20.9373,55.2919,78.8,89,75,20.71,RE,2021-01-16 19:50:18,light rain
543,Nioki,-2.7167,17.6833,75.15,77,100,1.68,CD,2021-01-16 19:50:19,light rain
544,Jiwani,25.05,61.7417,68.67,61,0,3.89,PK,2021-01-16 19:50:19,clear sky
545,Linhares,-19.3911,-40.0722,79.97,69,100,8.9,BR,2021-01-16 19:47:47,overcast clouds
546,Kasempa,-13.4584,25.8338,64.98,84,87,2.84,ZM,2021-01-16 19:50:19,overcast clouds
547,Toledo,39.8333,-4.0,32.0,72,0,1.43,ES,2021-01-16 19:50:19,clear sky
548,Manama,26.2154,50.5832,64.4,88,1,3.44,BH,2021-01-16 19:46:23,clear sky
549,Atlantis,-33.5667,18.4834,64.99,93,0,8.25,ZA,2021-01-16 19:50:19,clear sky
550,Bridgetown,13.1,-59.6167,84.2,54,20,20.71,BB,2021-01-16 19:50:19,few clouds
551,Manoel Urbano,-8.8389,-69.2597,79.68,93,97,5.14,BR,2021-01-16 19:50:19,moderate rain
552,Boffa,10.1667,-14.0333,74.05,85,89,5.77,GN,2021-01-16 19:50:19,overcast clouds
553,Hun,29.1268,15.9477,52.18,45,0,4.99,LY,2021-01-16 19:50:19,clear sky
554,Yabrud,33.9674,36.6574,43.0,81,20,5.75,SY,2021-01-16 19:47:25,few clouds
555,Ribeira Brava,32.65,-17.0667,55.99,82,83,8.99,PT,2021-01-16 19:50:19,broken clouds
556,Tucuma,-0.1833,-50.05,83.23,72,6,6.91,BR,2021-01-16 19:50:19,clear sky
557,Bela,25.9333,81.9833,50.52,54,38,1.99,IN,2021-01-16 19:50:19,scattered clouds
558,Tabuk,17.4189,121.4443,65.23,83,1,3.2,PH,2021-01-16 19:50:19,clear sky
559,Esna,25.2934,32.554,59.0,47,0,5.75,EG,2021-01-16 19:50:19,clear sky
560,Port Shepstone,-30.7414,30.455,73.58,69,100,9.48,ZA,2021-01-16 19:50:20,overcast clouds
561,Boromo,11.75,-2.9333,79.79,14,100,7.81,BF,2021-01-16 19:50:20,overcast clouds
562,Kriel,-26.2739,29.2253,71.01,78,14,3.31,ZA,2021-01-16 19:50:20,few clouds
563,Domoni,-12.2569,44.5319,79.43,77,81,5.88,KM,2021-01-16 19:50:20,broken clouds
564,Waw,7.7029,27.9953,77.16,19,37,6.06,SS,2021-01-16 19:50:20,scattered clouds
565,Scarborough,54.2797,-0.4044,41.0,90,99,1.99,GB,2021-01-16 19:47:46,overcast clouds
566,Sal Rei,16.1833,-22.9167,71.6,64,0,17.27,CV,2021-01-16 19:50:20,clear sky
567,Oum Hadjer,13.2954,19.6966,73.98,19,0,9.28,TD,2021-01-16 19:50:20,clear sky
568,Corpus Christi,27.8006,-97.3964,62.6,19,1,8.05,US,2021-01-16 19:50:20,haze
569,Dakoro,14.5106,6.765,73.0,20,45,7.58,NE,2021-01-16 19:50:20,scattered clouds
570,Moussoro,13.6408,16.4901,74.77,18,0,10.69,TD,2021-01-16 19:50:20,clear sky
571,Tikrit,34.6071,43.6782,54.81,51,83,3.94,IQ,2021-01-16 19:50:20,broken clouds
572,Chimoio,-19.1164,33.4833,75.2,100,75,3.44,MZ,2021-01-16 19:50:20,moderate rain
573,Thinadhoo,0.5333,72.9333,81.19,73,48,10.56,MV,2021-01-16 19:50:21,scattered clouds
574,Tshikapa,-6.4167,20.8,72.12,79,66,1.39,CD,2021-01-16 19:50:21,broken clouds
575,Worcester,42.3334,-71.8328,46.99,93,90,16.11,US,2021-01-16 19:50:21,overcast clouds
576,Gaoua,10.2992,-3.2508,76.91,16,50,1.57,BF,2021-01-16 19:50:21,scattered clouds
577,Barra,-11.0894,-43.1417,87.03,47,83,2.46,BR,2021-01-16 19:49:08,broken clouds
578,Dubai,25.2582,55.3047,66.2,77,0,4.61,AE,2021-01-16 19:50:21,clear sky
579,Wajir,1.7471,40.0573,88.02,37,50,7.52,KE,2021-01-16 19:50:21,scattered clouds
580,Irece,-11.3042,-41.8558,83.41,47,95,13.49,BR,2021-01-16 19:48:55,overcast clouds
581,Gualeguay,-33.1416,-59.3097,89.74,38,100,8.75,AR,2021-01-16 19:50:21,light rain
582,Owando,-0.4819,15.8999,74.5,80,73,1.05,CG,2021-01-16 19:50:21,light rain
583,Abu Kamal,34.4506,40.9171,55.71,51,5,13.29,SY,2021-01-16 19:50:21,clear sky
584,Saint-Denis,48.9167,2.3333,36.0,93,90,6.91,FR,2021-01-16 19:50:21,overcast clouds
585,Asmara,15.3333,38.9333,53.2,79,7,2.42,ER,2021-01-16 19:48:32,clear sky
586,Windhoek,-22.5594,17.0832,72.0,68,87,4.61,NA,2021-01-16 19:50:21,overcast clouds
587,Abalak,58.1286,68.5944,15.3,97,100,6.82,RU,2021-01-16 19:50:22,overcast clouds
588,Asyut,27.181,31.1837,55.4,62,0,4.61,EG,2021-01-16 19:50:22,clear sky
589,Grootfontein,-19.5667,18.1167,66.2,94,100,6.91,NA,2021-01-16 19:46:07,overcast clouds
590,Skeldon,5.8833,-57.1333,81.5,74,75,10.13,GY,2021-01-16 19:50:22,broken clouds
591,Sesheke,-17.4759,24.2968,69.01,91,95,4.21,ZM,2021-01-16 19:50:22,overcast clouds
592,Werda,-25.2667,23.2833,81.07,32,20,15.43,BW,2021-01-16 19:50:22,few clouds
593,Mbeya,-8.9,33.45,60.69,90,95,2.82,TZ,2021-01-16 19:50:22,light rain
594,Gardez,33.5974,69.2259,33.21,59,35,1.81,AF,2021-01-16 19:50:22,scattered clouds
595,Garowe,8.4054,48.4845,71.6,58,0,11.23,SO,2021-01-16 19:50:22,clear sky
596,Veraval,20.9,70.3667,68.09,43,0,10.33,IN,2021-01-16 19:50:22,clear sky
597,Itapage,-3.6867,-39.5861,86.54,51,35,9.75,BR,2021-01-16 19:50:22,scattered clouds
598,Tambacounda,13.7539,-13.7586,86.0,13,0,6.91,SN,2021-01-16 19:50:22,clear sky
599,Lehututu,-23.9667,21.8667,80.46,36,6,16.17,BW,2021-01-16 19:50:23,clear sky
600,San Javier,37.8063,-0.8374,50.0,87,0,3.44,ES,2021-01-16 19:46:44,clear sky
601,Andilamena,-17.0167,48.5833,65.95,96,24,4.38,MG,2021-01-16 19:50:23,few clouds
602,Bati,11.1833,40.0167,59.38,55,0,1.45,ET,2021-01-16 19:50:23,clear sky
603,Boende,-0.2167,20.8667,73.76,82,100,2.08,CD,2021-01-16 19:50:23,overcast clouds
604,Katsina,12.9894,7.6006,69.6,20,0,8.16,NG,2021-01-16 19:50:23,clear sky
605,Gamboma,-1.8764,15.8644,76.53,72,98,1.5,CG,2021-01-16 19:50:23,light rain
606,Keetmanshoop,-26.5833,18.1333,78.08,23,0,15.95,NA,2021-01-16 19:50:23,clear sky
607,Dunda,-8.1167,34.25,65.19,91,99,2.77,TZ,2021-01-16 19:50:23,moderate rain
608,Nikki,9.9401,3.2108,76.6,17,6,3.98,BJ,2021-01-16 19:50:23,clear sky
609,Turayf,31.6725,38.6637,46.4,81,0,9.22,SA,2021-01-16 19:50:23,clear sky
610,Ribas Do Rio Pardo,-20.4431,-53.7592,79.41,80,100,9.71,BR,2021-01-16 19:50:23,light rain
611,Camapua,-19.5314,-54.0439,83.01,66,99,11.95,BR,2021-01-16 19:50:23,light rain
612,Charagua,-19.8,-63.2167,91.4,52,20,10.87,BO,2021-01-16 19:50:23,few clouds
613,Ankpa,7.3706,7.6253,79.47,18,70,3.44,NG,2021-01-16 19:50:23,broken clouds
614,Barreirinhas,-2.7469,-42.8264,82.6,72,99,9.64,BR,2021-01-16 19:50:24,overcast clouds
615,Ati,13.2154,18.3353,75.88,18,0,9.89,TD,2021-01-16 19:47:33,clear sky
616,Icod De Los Vinos,28.3724,-16.7119,64.99,72,12,4.0,ES,2021-01-16 19:50:24,few clouds
617,Benguela,-12.5763,13.4055,75.85,72,32,7.36,AO,2021-01-16 19:50:24,scattered clouds
618,Saint-Leu,-21.15,55.2833,82.4,78,20,3.44,RE,2021-01-16 19:50:24,few clouds
619,Nanga Eboko,4.6833,12.3667,73.09,32,15,2.15,CM,2021-01-16 19:50:24,few clouds
620,Mocajuba,-2.5842,-49.5072,89.58,47,85,3.6,BR,2021-01-16 19:50:24,overcast clouds
621,Buerarema,-14.9594,-39.2997,86.0,70,40,10.36,BR,2021-01-16 19:50:24,scattered clouds
622,Eyl,7.9803,49.8164,74.52,74,0,16.6,SO,2021-01-16 19:50:24,clear sky
623,Ntungamo,-0.8833,29.65,65.03,83,66,1.74,UG,2021-01-16 19:50:24,light rain
624,Safaga,26.7292,33.9365,62.6,36,0,8.05,EG,2021-01-16 19:50:24,clear sky
625,Illela,13.7292,5.2975,75.97,18,9,8.25,NG,2021-01-16 19:50:24,clear sky
626,Kharan,28.5833,65.4167,51.24,31,0,3.2,PK,2021-01-16 19:50:24,clear sky
627,Beni Suef,29.0731,31.0979,50.41,64,0,4.25,EG,2021-01-16 19:50:24,clear sky
628,Mafra,-26.1114,-49.8053,73.0,84,46,5.99,BR,2021-01-16 19:50:13,scattered clouds
629,Oudtshoorn,-33.5907,22.2014,66.2,88,75,3.44,ZA,2021-01-16 19:50:25,broken clouds
630,Mzimba,-11.9,33.6,63.5,80,97,1.39,MW,2021-01-16 19:50:25,overcast clouds
631,Jutai,-5.1833,-68.9,88.68,56,99,4.97,BR,2021-01-16 19:50:25,overcast clouds
632,Rurrenabaque,-14.4413,-67.5278,89.6,66,75,13.8,BO,2021-01-16 19:50:25,broken clouds
633,Ofaqim,31.3141,34.6203,52.0,19,9,1.01,IL,2021-01-16 19:50:25,clear sky
634,Monrovia,6.3005,-10.7969,78.8,94,20,8.81,LR,2021-01-16 19:50:25,few clouds
635,Taubate,-23.0264,-45.5553,86.0,51,75,8.05,BR,2021-01-16 19:50:25,light rain
636,Canto Do Buriti,-8.11,-42.9444,89.04,50,44,3.67,BR,2021-01-16 19:50:25,scattered clouds
637,Aracruz,-19.8203,-40.2733,84.2,58,75,13.8,BR,2021-01-16 19:48:51,broken clouds
638,Fenoarivo,-18.933,47.4354,69.8,88,40,11.5,MG,2021-01-16 19:50:26,scattered clouds
639,Chuy,-33.6971,-53.4616,84.2,64,1,4.99,UY,2021-01-16 19:46:50,clear sky
640,Dubti,11.7361,41.0853,73.38,50,0,9.28,ET,2021-01-16 19:50:26,clear sky
641,Susangerd,31.5608,48.1831,53.6,71,39,2.3,IR,2021-01-16 19:50:26,scattered clouds
642,Giyani,-23.3025,30.7187,81.79,64,100,4.74,ZA,2021-01-16 19:50:26,light rain
643,Maringa,-23.4253,-51.9386,77.34,88,100,8.88,BR,2021-01-16 19:50:26,light rain
644,Betafo,-19.8333,46.85,65.53,86,100,3.38,MG,2021-01-16 19:50:26,overcast clouds
645,La Asuncion,11.0333,-63.8628,79.36,74,100,15.61,VE,2021-01-16 19:50:26,overcast clouds
646,Barra Do Garcas,-15.89,-52.2567,81.03,72,100,4.52,BR,2021-01-16 19:50:26,overcast clouds
647,Tsogni,-2.7942,10.0988,77.2,85,100,5.68,GA,2021-01-16 19:50:26,overcast clouds
648,Mozarlandia,-14.7447,-50.5706,81.39,70,100,2.39,BR,2021-01-16 19:50:26,overcast clouds
649,Chegutu,-18.1302,30.1407,68.79,95,100,4.72,ZW,2021-01-16 19:50:26,overcast clouds
650,Kralendijk,12.15,-68.2667,78.8,83,75,10.36,BQ,2021-01-16 19:50:26,broken clouds
651,Gurupi,-11.7292,-49.0686,76.75,89,100,5.73,BR,2021-01-16 19:50:26,moderate rain
652,Benjamin Constant,-4.3831,-70.0311,89.6,70,40,4.61,BR,2021-01-16 19:50:27,scattered clouds
653,Jacqueville,5.2052,-4.4146,80.6,89,20,5.75,CI,2021-01-16 19:50:27,few clouds
654,Namwala,-15.7504,26.4384,69.35,91,100,3.78,ZM,2021-01-16 19:50:27,overcast clouds
655,Inhapim,-19.5492,-42.12,75.81,84,16,7.02,BR,2021-01-16 19:50:27,light rain
656,Maltahohe,-24.8333,16.9833,79.38,36,98,8.41,NA,2021-01-16 19:50:27,overcast clouds
657,Mongo,12.1844,18.693,70.43,22,0,4.85,TD,2021-01-16 19:50:27,clear sky
658,Rundu,-17.9333,19.7667,70.63,65,100,4.81,NA,2021-01-16 19:50:27,overcast clouds
659,Mandera,3.9366,41.867,84.67,28,0,9.24,KE,2021-01-16 19:50:27,clear sky
660,Betioky,-23.7167,44.3833,76.75,81,25,1.68,MG,2021-01-16 19:50:27,scattered clouds
661,Juba,4.8517,31.5825,81.52,22,22,0.22,SS,2021-01-16 19:50:27,few clouds
662,Nador,35.174,-2.9287,53.6,76,0,3.44,MA,2021-01-16 19:50:27,clear sky
663,Zarate,-34.0981,-59.0286,86.0,45,75,13.8,AR,2021-01-16 19:50:27,broken clouds
664,San Ramon De La Nueva Oran,-23.1322,-64.326,100.0,45,82,1.36,AR,2021-01-16 19:50:27,broken clouds
665,Uyuni,-20.4597,-66.825,67.5,29,66,6.38,BO,2021-01-16 19:50:27,broken clouds
666,Kulhudhuffushi,6.6221,73.07,81.09,75,15,10.51,MV,2021-01-16 19:50:27,few clouds
667,Yangambi,0.8102,24.4336,71.26,83,65,1.74,CD,2021-01-16 19:50:28,broken clouds
668,Magole,-6.3667,37.3667,71.35,90,14,2.08,TZ,2021-01-16 19:50:28,few clouds
669,Raga,8.4596,25.678,71.49,22,0,4.88,SS,2021-01-16 19:50:28,clear sky
670,Dese,11.1333,39.6333,50.5,64,0,0.4,ET,2021-01-16 19:50:28,clear sky
671,Filingue,14.3521,3.3168,76.64,17,43,6.98,NE,2021-01-16 19:50:28,scattered clouds
672,Jizan,17.3333,42.6667,78.8,73,20,4.76,SA,2021-01-16 19:50:28,few clouds
673,Tias,28.9611,-13.645,62.6,63,75,9.22,ES,2021-01-16 19:47:03,broken clouds
674,Bria,6.5423,21.9863,74.46,29,97,1.68,CF,2021-01-16 19:50:28,overcast clouds
675,Bayir,37.2687,28.2167,46.4,87,40,4.61,TR,2021-01-16 19:50:28,scattered clouds
676,Sao Domingos,-13.3983,-46.3183,74.48,85,100,1.34,BR,2021-01-16 19:50:28,moderate rain
677,Bibiani,6.4635,-2.3194,75.76,72,18,2.04,GH,2021-01-16 19:50:28,few clouds
678,Prado,-17.3411,-39.2208,79.77,73,0,11.39,BR,2021-01-16 19:50:28,clear sky
679,Zhob,31.3411,69.4481,49.48,37,0,3.47,PK,2021-01-16 19:50:28,clear sky
680,Hukuntsi,-24.0,21.75,80.31,36,6,18.19,BW,2021-01-16 19:50:28,clear sky
681,Villa Carlos Paz,-31.4241,-64.4978,75.0,81,98,1.99,AR,2021-01-16 19:50:29,overcast clouds
682,Garissa,-0.4536,39.6401,81.81,63,35,13.65,KE,2021-01-16 19:50:29,scattered clouds
683,Vallenar,-28.5708,-70.7581,81.81,33,0,11.95,CL,2021-01-16 19:50:29,clear sky
684,Malakal,9.5334,31.6605,78.22,18,95,6.55,SS,2021-01-16 19:50:29,overcast clouds
685,Sal,32.5694,35.9119,46.4,76,1,7.49,JO,2021-01-16 19:50:29,haze
686,Conceicao Do Araguaia,-8.2578,-49.2647,79.63,75,99,3.11,BR,2021-01-16 19:50:29,overcast clouds
687,Louveira,-23.0864,-46.9506,81.0,88,75,4.61,BR,2021-01-16 19:50:29,broken clouds
688,Porto Velho,-8.7619,-63.9039,80.6,89,75,3.44,BR,2021-01-16 19:50:29,broken clouds
689,Kafanchan,9.5833,8.3,69.8,28,61,4.61,NG,2021-01-16 19:50:29,broken clouds
690,Bandraboua,-12.7044,45.1223,80.6,78,0,3.44,YT,2021-01-16 19:50:29,clear sky
691,Bauchi,10.5,10.0,71.22,21,16,5.7,NG,2021-01-16 19:50:29,few clouds
692,Bonoua,5.2741,-3.595,80.6,89,20,5.75,CI,2021-01-16 19:50:29,few clouds
693,Pinhao,-25.6956,-51.6597,74.25,88,65,5.06,BR,2021-01-16 19:50:30,heavy intensity rain
694,Joaima,-16.6542,-41.0306,76.24,85,100,4.18,BR,2021-01-16 19:50:30,light rain
695,Corrente,-3.7367,-43.3394,87.94,57,69,4.27,BR,2021-01-16 19:50:30,broken clouds
696,Danane,7.2596,-8.155,73.38,28,81,2.51,CI,2021-01-16 19:50:30,broken clouds
697,Toma,12.7667,-2.8833,77.11,17,100,9.08,BF,2021-01-16 19:50:30,overcast clouds
698,Xai-Xai,-25.0519,33.6442,80.62,83,51,10.2,MZ,2021-01-16 19:50:30,light rain
699,Vieux Fort,13.7167,-60.95,84.2,65,20,13.8,LC,2021-01-16 19:50:30,few clouds
700,Prudentopolis,-25.2131,-50.9778,76.01,84,98,4.72,BR,2021-01-16 19:50:30,overcast clouds
701,Salta,-24.7859,-65.4117,86.0,51,40,9.22,AR,2021-01-16 19:46:19,moderate rain
702,Basoko,1.2391,23.616,73.53,79,99,3.65,CD,2021-01-16 19:50:30,overcast clouds
703,Aksum,14.1245,38.7244,54.34,62,0,5.28,ET,2021-01-16 19:50:30,clear sky
704,Zurrieq,35.8311,14.4742,51.01,93,90,3.44,MT,2021-01-16 19:50:30,overcast clouds
705,Obo,5.3998,26.4869,73.76,27,88,3.8,CF,2021-01-16 19:50:30,overcast clouds
706,Camacha,33.0833,-16.3333,59.0,82,40,12.66,PT,2021-01-16 19:50:30,scattered clouds
707,Misratah,32.3754,15.0925,57.16,66,22,19.98,LY,2021-01-16 19:48:22,light rain
708,Deder,9.3167,41.45,54.03,50,0,6.35,ET,2021-01-16 19:50:31,clear sky
709,Nortelandia,-14.4547,-56.8028,85.68,65,98,5.97,BR,2021-01-16 19:50:31,light rain
710,Birin,26.8865,88.0718,46.02,83,50,2.51,NP,2021-01-16 19:50:31,scattered clouds
711,Morros,-9.4467,-46.3003,83.28,64,55,4.21,BR,2021-01-16 19:50:31,light rain
712,Challapata,-18.9,-66.7667,61.68,44,97,3.24,BO,2021-01-16 19:50:31,light rain
713,Juli,-16.2167,-69.45,52.36,66,98,2.46,PE,2021-01-16 19:50:31,overcast clouds
714,Nizwa,22.9333,57.5333,55.78,60,0,2.68,OM,2021-01-16 19:50:31,clear sky
715,Maracas,-13.4411,-40.4308,69.42,88,97,10.85,BR,2021-01-16 19:50:31,overcast clouds
716,Arrah,25.5667,84.6667,51.8,87,40,3.44,IN,2021-01-16 19:50:31,mist
717,Waddan,29.1614,16.139,51.42,46,0,4.83,LY,2021-01-16 19:50:31,clear sky
718,Presidencia Roque Saenz Pena,-26.7852,-60.4388,87.01,68,94,11.01,AR,2021-01-16 19:50:31,overcast clouds
719,Kalabo,-14.97,22.6814,71.94,70,71,3.4,ZM,2021-01-16 19:50:31,broken clouds
720,Massaguet,12.4755,15.4365,77.0,23,0,6.91,TD,2021-01-16 19:50:31,clear sky
721,Ardakan,32.31,54.0175,46.4,31,0,4.61,IR,2021-01-16 19:50:32,clear sky
722,Totness,5.8833,-56.3167,81.25,72,75,12.82,SR,2021-01-16 19:50:32,broken clouds
723,Makurdi,7.7411,8.5121,82.44,16,57,1.05,NG,2021-01-16 19:50:32,broken clouds
724,Sapele,5.8941,5.6767,79.93,74,47,6.31,NG,2021-01-16 19:50:32,scattered clouds
725,Sao Francisco Do Sul,-26.2433,-48.6381,86.0,74,75,8.05,BR,2021-01-16 19:50:29,broken clouds
726,Lusambo,-4.9667,23.45,72.54,76,26,1.1,CD,2021-01-16 19:47:04,scattered clouds
727,Antsirabe,-19.85,47.0333,63.3,90,99,3.18,MG,2021-01-16 19:50:32,overcast clouds
728,Mossendjo,-2.9506,12.7261,70.75,94,65,1.88,CG,2021-01-16 19:50:32,light rain
729,Jalingo,8.8833,11.3667,79.11,17,0,4.03,NG,2021-01-16 19:50:32,clear sky
730,Yokadouma,3.5167,15.05,75.31,44,0,2.19,CM,2021-01-16 19:50:32,clear sky
731,Ondjiva,-17.0667,15.7333,75.69,25,14,9.15,AO,2021-01-16 19:50:32,few clouds
732,Lira,2.235,32.9097,75.0,48,87,2.73,UG,2021-01-16 19:50:32,overcast clouds
733,Rakai,-0.72,31.4839,64.29,84,100,2.19,UG,2021-01-16 19:50:32,overcast clouds
734,Zabid,14.1951,43.3152,75.09,61,0,5.35,YE,2021-01-16 19:50:32,clear sky
